employee_id,first_name,last_name,birth_date,national_id,phone,email,street,building_no,apartment_no,postal_code,city,department,position,employment_type,hire_date,current_level_m,shift,team_lead,active,salary_grade,emergency_contact_name,emergency_contact_phone,notes
EMP-00001,Jacek,Dreszer,1992-01-09,10433218196,722 181 960,user1@example.com,Kolejowa,24,,12-224,Pabianice,Mechaniczny,Geolog,Umowa o pracę,2010-05-31,-100,A,NIE,TAK,4,Melania Straszak,+48 798 637 940,W trakcie szkolenia
EMP-00002,Kaja,Kiliszek,1996-10-18,86379402654,732 351 161,user2@example.com,Władysława Łokietka,196,,45-619,Łomża,Przeróbka,Geolog,Umowa na czas określony,2012-08-16,-200,B,NIE,TAK,6,Róża Jałowiec,576 184 959,Ratownik górniczy
EMP-00003,Olaf,Pindral,1974-02-19,40781618495,781 316 475,user3@example.com,Witosa,181,,48-364,Ostrowiec Świętokrzyski,Wentylacja,Inspektor BHP,Umowa B2B,2011-02-22,-500,B,NIE,TAK,4,Wojciech Zera,+48 732 832 764,
EMP-00004,Dagmara,Muskała,2006-01-09,47525534192,+48 785 030 564,user4@example.com,Dworcowa,42,60,28-936,Mława,Transport,Kierownik Oddziału,Umowa zlecenie,2020-07-10,-500,B,TAK,TAK,1,pani Bianka Czubaj,+48 507 242 388,Uprawnienia SEP
EMP-00005,Janina,Nóżka,1976-12-14,56413953767,883 287 101,user5@example.com,Armii Krajowej,36,32,81-164,Pszczyna,Administracja,Górnik,Umowa na czas określony,2019-08-13,-200,C,NIE,NIE,7,Gaja Nurek,+48 506 978 480,Ratownik górniczy
EMP-00006,Julita,Myrcik,1993-08-27,28710122691,735 146 270,user6@example.com,Daleka,153,60,93-270,Jasło,Mechaniczny,Sztygar,Umowa o pracę,2011-11-19,-400,D,TAK,TAK,11,Dorota Majak,+48 22 489 32 52,Badania ważne
EMP-00007,Liwia,Dzienis,1988-01-08,51462704828,+48 725 701 543,user7@example.com,Sienkiewicza,164,,31-900,Mława,Utrzymanie Ruchu,Nadsztygar,Umowa B2B,2022-10-21,-100,C,TAK,TAK,9,Karol Wypiór,+48 571 822 782,Badania ważne
EMP-00008,Kaja,Leszkiewicz,1977-01-17,95701543039,+48 663 465 787,user8@example.com,Strażacka,188,,32-231,Kielce,Mechaniczny,Górnik,Umowa zlecenie,2024-05-06,-100,A,NIE,TAK,11,pani Julita Dumała,729 301 031,Operator maszyn
EMP-00009,Wojciech,Chylak,2002-08-30,24896383465,724 738 299,user9@example.com,Porzeczkowa,31,,32-804,Chrzanów,Przeróbka,Elektryk,Umowa B2B,2024-02-19,-400,D,NIE,TAK,10,Rafał Kroczak,576 566 701,Badania ważne
EMP-00010,Dominik,Pyszka,1968-11-13,93010310518,693 872 624,user10@example.com,Pomorska,172,,32-896,Zabrze,Mechaniczny,Sztygar,Umowa zlecenie,2021-12-22,-200,C,TAK,NIE,10,pan Szymon Klemens,+48 660 132 677,Operator maszyn
EMP-00011,Stanisław,Ciereszko,1974-12-29,76311656670,+48 500 647 468,user11@example.com,Bankowa,16,52,92-499,Grudziądz,Przeróbka,Sztygar,Umowa zlecenie,2016-08-05,-650,A,TAK,TAK,4,Gustaw Łosiewicz,519 805 009,Badania ważne
EMP-00012,Liwia,Snoch,1985-07-07,26247317810,518 121 913,user12@example.com,Mazowiecka,24,,16-965,Mława,Geologia,Mechanik,Umowa na czas określony,2025-02-12,-650,A,NIE,TAK,4,Elżbieta Paluszak,519 169 985,Operator maszyn
EMP-00013,Jędrzej,Kamieniarz,2003-11-01,26064746872,736 247 510,user13@example.com,Gałczynskiego,56,,80-577,Tychy,BHP,Górnik,Umowa o pracę,2013-05-11,-200,C,NIE,TAK,10,Julita Matus,+48 604 251 354,Operator maszyn
EMP-00014,Emil,Cieciora,1972-10-02,82081219136,+48 32 808 41 24,user14@example.com,Glówna,149,,14-761,Zgorzelec,Administracja,Elektryk,Umowa o pracę,2023-09-17,-100,B,NIE,TAK,11,Jeremi Ziętal,+48 723 534 874,Badania ważne
EMP-00015,Tomasz,Wasyluk,2002-08-28,85435346247,+48 514 005 242,user15@example.com,Kruczkowskiego,3,,57-565,Kluczbork,Przeróbka,Inspektor BHP,Umowa zlecenie,2023-11-30,-300,A,NIE,TAK,5,Melania Rychel,571 280 598,Uprawnienia SEP
EMP-00016,Norbert,Knysak,1972-05-14,13542784980,+48 32 053 31 58,user16@example.com,Robotnicza,170,,80-768,Grudziądz,Transport,Kierownik Zmiany,Umowa o pracę,2012-02-05,-650,C,TAK,TAK,12,Miłosz Potok,+48 32 260 25 63,Badania ważne
EMP-00017,Dominik,Pietraś,1977-02-12,44935348740,+48 22 073 37 54,user17@example.com,Cisowa,71,,29-025,Biłgoraj,BHP,Starszy Górnik,Umowa zlecenie,2022-12-12,-100,D,NIE,TAK,3,Blanka Obst,731 458 685,W trakcie szkolenia
EMP-00018,Robert,Ciemięga,2004-01-06,86801128059,+48 694 019 655,user18@example.com,Letniskowa,111,,78-524,Płock,Transport,Mechanik,Umowa B2B,2011-11-24,-500,B,NIE,TAK,6,Aurelia Kunysz,730 608 835,Uprawnienia SEP
EMP-00019,Kornel,Markiel,1983-09-12,31586923226,791 484 656,user19@example.com,Ściegiennego,189,43,38-568,Zielona Góra,Wentylacja,Geolog,Umowa B2B,2025-08-08,-100,B,NIE,TAK,12,Sandra Byzdra,+48 502 994 680,
EMP-00020,Elżbieta,Fronczyk,1978-08-07,07337543303,+48 735 777 387,user20@example.com,Wiślana,72,9,22-675,Olsztyn,BHP,Kierownik Oddziału,Umowa na czas określony,2013-06-16,-400,C,TAK,TAK,6,Ida Ligenza,+48 739 513 433,
EMP-00021,Lidia,Domowicz,1972-05-03,42940196556,+48 22 176 93 67,user21@example.com,Stroma,99,,32-152,Wyszków,Transport,Młodszy Górnik,Umowa o pracę,2010-10-05,-500,A,NIE,TAK,1,Dominik Zmyślony,+48 513 287 083,Badania ważne
EMP-00022,Łukasz,Hołysz,2003-02-22,35615951484,+48 538 895 798,user22@example.com,Opolska,84,52,71-457,Słupsk,Mechaniczny,Elektryk,Umowa zlecenie,2011-12-30,-650,D,NIE,TAK,7,pan Adrian Gregorczuk,724 873 471,W trakcie szkolenia
EMP-00023,Józef,Wochnik,1994-12-26,29946804436,+48 661 223 623,user23@example.com,Wiśniowa,120,57,54-418,Starachowice,Wentylacja,Kierownik Oddziału,Umowa na czas określony,2013-11-09,-800,C,TAK,TAK,11,pan Antoni Szczubełek,22 669 09 67,
EMP-00024,Tobiasz,Henke,1966-09-06,89513433200,22 688 93 73,user24@example.com,Czereśniowa,157,10,56-498,Bydgoszcz,Geologia,Nadsztygar,Umowa zlecenie,2015-10-14,-200,D,TAK,TAK,8,Natan Pryszcz,+48 786 272 980,Operator maszyn
EMP-00025,Szymon,Tlałka,2002-09-21,20163287083,+48 736 272 046,user25@example.com,Żurawia,117,18,28-466,Świętochłowice,Mechaniczny,Sztygar,Umowa B2B,2019-09-25,-800,A,TAK,TAK,10,pani Róża Dziurla,22 641 70 80,W trakcie szkolenia
EMP-00026,Krzysztof,Panasewicz,2006-06-10,68727743487,+48 730 033 092,user26@example.com,Norwida,71,,17-485,Świecie,Transport,Elektryk,Umowa zlecenie,2015-10-03,-650,B,NIE,TAK,6,Sylwia Lisak,+48 534 529 912,Ratownik górniczy
EMP-00027,Szymon,Otremba,2005-01-12,12236231665,+48 696 631 931,user27@example.com,Ściegiennego,107,,99-309,Wągrowiec,Geologia,Elektryk,Umowa na czas określony,2011-10-12,-500,D,NIE,NIE,12,Sylwia Bruś,515 865 185,
EMP-00028,Marika,Pindor,1966-12-13,67054668893,+48 515 726 284,user28@example.com,Rycerska,70,56,69-794,Sochaczew,Wydobycie,Inspektor BHP,Umowa na czas określony,2016-11-27,-400,B,NIE,TAK,11,pan Dariusz Gałęza,735 314 737,W trakcie szkolenia
EMP-00029,Natan,Mirga,1989-03-28,27298069901,+48 575 273 545,user29@example.com,Leszczynowa,35,,77-719,Tarnowskie Góry,Wydobycie,Kierownik Oddziału,Umowa B2B,2020-12-27,-650,D,TAK,TAK,6,Eliza Rzeźniczak,533 678 377,Uprawnienia SEP
EMP-00030,Gustaw,Wójcikiewicz,1984-05-15,55646417080,+48 503 495 788,user30@example.com,Owocowa,167,,55-764,Żywiec,Wydobycie,Mechanik,Umowa zlecenie,2010-04-14,-300,B,NIE,TAK,1,pani Sylwia Chalimoniuk,734 431 351,Badania ważne
EMP-00031,Daniel,Chomik,1996-02-28,32719374529,697 498 941,user31@example.com,Jagodowa,200,21,38-233,Skarżysko-Kamienna,Przeróbka,Starszy Górnik,Umowa o pracę,2025-08-20,-500,A,NIE,TAK,10,Emil Romańczyk,+48 798 240 084,W trakcie szkolenia
EMP-00032,Marika,Jędrusiak,1994-05-05,63193149190,+48 22 094 77 75,user32@example.com,Moniuszki,170,,07-259,Sopot,Mechaniczny,Kierownik Oddziału,Umowa B2B,2012-01-29,-300,D,TAK,TAK,7,Wiktor Masłoń,+48 571 902 294,Operator maszyn
EMP-00033,Dagmara,Kempny,1969-11-07,65726284987,+48 519 993 867,user33@example.com,Batalionów Chłopskich,188,76,39-881,Bochnia,BHP,Młodszy Górnik,Umowa zlecenie,2014-01-30,-400,D,NIE,TAK,5,Norbert Nojman,+48 720 913 341,Operator maszyn
EMP-00034,Igor,Kurtyka,1972-09-22,79965075273,506 797 403,user34@example.com,Wyzwolenia,88,36,91-290,Bartoszyce,Mechaniczny,Sztygar,Umowa o pracę,2012-11-09,-300,C,TAK,TAK,4,pan Cyprian Molak,739 361 832,
EMP-00035,Wojciech,Kanarek,2002-10-12,67837770143,664 994 717,user35@example.com,Pałacowa,79,75,39-717,Zduńska Wola,Elektryczny,Sztygar,Umowa B2B,2023-08-05,-400,B,TAK,TAK,12,Nela Kieloch,+48 577 190 659,Badania ważne
EMP-00036,Aurelia,Miksza,1976-06-16,57444313518,504 902 787,user36@example.com,Radosna,50,28,24-600,Oświęcim,Transport,Kierownik Zmiany,Umowa B2B,2011-07-03,-800,B,TAK,TAK,4,pan Marek Andrearczyk,+48 515 512 567,Ratownik górniczy
EMP-00037,Krystyna,Pyda,1977-12-21,52408240084,+48 531 545 168,user37@example.com,Polna,164,,85-891,Czeladź,Wydobycie,Sztygar,Umowa B2B,2025-07-17,-650,B,TAK,TAK,8,pan Szymon Sendor,+48 605 977 034,Operator maszyn
EMP-00038,Monika,Wójs,1988-05-31,20471167190,+48 797 109 324,user38@example.com,Staffa,145,,02-566,Sieradz,Wentylacja,Kierownik Zmiany,Umowa o pracę,2025-04-03,-200,B,TAK,TAK,7,Artur Stempel,577 127 484,Badania ważne
EMP-00039,Natasza,Krefta,1983-01-24,93867749649,+48 538 263 982,user39@example.com,Graniczna,157,,36-792,Żyrardów,Wentylacja,Inspektor BHP,Umowa B2B,2017-12-07,-500,A,NIE,TAK,3,pani Gaja Pietrasiak,784 997 278,Uprawnienia SEP
EMP-00040,Inga,Wyderka,1985-10-26,81206797403,+48 535 339 636,user40@example.com,Spokojna,180,,41-763,Chrzanów,Wentylacja,Starszy Górnik,Umowa B2B,2015-06-20,-300,C,NIE,NIE,11,Ernest Mordak,+48 32 270 28 95,Uprawnienia SEP
EMP-00041,Monika,Dziechciarz,2001-03-26,18324210249,+48 607 026 217,user41@example.com,Makowa,113,16,44-639,Białogard,Transport,Kierownik Oddziału,Umowa na czas określony,2024-05-17,-650,C,TAK,TAK,9,Maksymilian Jargiło,798 657 809,Badania ważne
EMP-00042,Stefan,Sadza,1969-03-07,71906594013,+48 881 611 724,user42@example.com,Zielona,196,,06-333,Sosnowiec,Utrzymanie Ruchu,Mechanik,Umowa na czas określony,2020-05-18,-650,A,NIE,TAK,11,Maurycy Zadora,+48 512 386 922,Operator maszyn
EMP-00043,Fryderyk,Boryczko,1973-06-12,29671756551,+48 783 792 374,user43@example.com,Krasińskiego,85,53,33-683,Łódź,Transport,Nadsztygar,Umowa na czas określony,2020-01-09,-800,B,TAK,TAK,1,pan Natan Podleśna,661 759 464,Operator maszyn
EMP-00044,Ernest,Henke,1984-09-19,54516808760,+48 571 369 594,user44@example.com,Zakole,160,64,38-023,Biłgoraj,Wydobycie,Młodszy Górnik,Umowa zlecenie,2014-12-20,-200,C,NIE,TAK,9,Jacek Grochowina,+48 690 974 395,Uprawnienia SEP
EMP-00045,Iwo,Gebauer,1975-03-16,77109324808,32 210 47 09,user45@example.com,Gdańska,58,15,94-135,Ruda Śląska,Przeróbka,Nadsztygar,Umowa zlecenie,2013-02-15,-400,A,TAK,TAK,12,Arkadiusz Piestrzeniewicz,+48 512 328 588,Ratownik górniczy
EMP-00046,Juliusz,Madajczyk,2002-12-26,46773782639,+48 574 517 123,user46@example.com,Zakątek,18,36,93-691,Otwock,BHP,Elektryk,Umowa B2B,2023-08-28,-500,B,NIE,TAK,5,pani Julianna Janasz,504 817 549,W trakcie szkolenia
EMP-00047,Mariusz,Ostasz,1981-09-07,99727875588,+48 783 709 859,user47@example.com,Północna,83,,83-065,Kłodzko,Administracja,Nadsztygar,Umowa na czas określony,2020-07-02,-400,D,TAK,TAK,7,pan Arkadiusz Ziarnik,572 004 711,
EMP-00048,Tobiasz,Chalimoniuk,1975-11-02,76627028951,888 692 617,user48@example.com,Rycerska,26,68,53-962,Tczew,Wydobycie,Kierownik Zmiany,Umowa zlecenie,2018-11-03,-800,D,TAK,TAK,11,Leonard Szarejko,+48 537 351 585,Uprawnienia SEP
EMP-00049,Marcel,Dorna,1968-11-12,74596158657,22 713 90 05,user49@example.com,Asnyka,159,,17-806,Swarzędz,Transport,Młodszy Górnik,Umowa zlecenie,2014-07-15,-800,A,NIE,TAK,7,Krzysztof Dąbkiewicz,32 839 33 52,
EMP-00050,Jacek,Suchora,1997-12-28,17240050455,602 842 102,user50@example.com,Brzozowa,63,68,46-809,Chełm,Administracja,Geolog,Umowa zlecenie,2019-10-20,-400,B,NIE,TAK,3,pani Justyna Bobrowicz,512 681 177,
EMP-00051,Dominik,Terka,1997-07-25,69379237474,+48 603 908 470,user51@example.com,Topolowa,120,,62-868,Piaseczno,Przeróbka,Inspektor BHP,Umowa na czas określony,2018-06-10,-650,A,NIE,TAK,10,Dominik Glenc,+48 797 115 921,Ratownik górniczy
EMP-00052,Janina,Elert,1971-06-29,64743671369,+48 795 698 478,user52@example.com,Kosynierów,180,,56-102,Bartoszyce,Geologia,Geolog,Umowa B2B,2020-04-07,-300,C,NIE,TAK,10,Bianka Jakubiuk,+48 22 367 36 57,W trakcie szkolenia
EMP-00053,Jędrzej,Kołak,1982-05-24,09743953394,794 527 111,user53@example.com,Jana Pawła II,161,,56-099,Piastów,Transport,Operator,Umowa na czas określony,2021-12-31,-650,B,NIE,TAK,10,pani Liwia Jędruch,+48 698 851 656,Ratownik górniczy
EMP-00054,Stefan,Kapałka,2001-03-02,21456232858,785 198 327,user54@example.com,Matejki,43,33,14-359,Oława,Transport,Operator,Umowa B2B,2021-11-09,-500,C,NIE,TAK,8,pani Elżbieta Miszta,+48 693 689 980,
EMP-00055,Cezary,Kozaczuk,1990-10-21,36851604817,664 455 022,user55@example.com,Górnicza,150,49,85-411,Gliwice,Przeróbka,Starszy Górnik,Umowa zlecenie,2020-10-25,-300,C,NIE,TAK,1,Antoni Oleksiewicz,+48 888 366 752,Badania ważne
EMP-00056,Nicole,Wlazły,1981-03-31,59317461200,530 229 014,user56@example.com,Batalionów Chłopskich,30,,85-435,Wołomin,Mechaniczny,Elektryk,Umowa zlecenie,2021-11-12,-300,D,NIE,TAK,8,pan Łukasz Ochnik,32 815 61 49,Ratownik górniczy
EMP-00057,Aleksander,Warmuz,1985-11-28,86926179640,+48 509 003 432,user57@example.com,Bałtycka,56,57,33-297,Świętochłowice,Wentylacja,Geolog,Umowa B2B,2020-12-20,-650,C,NIE,TAK,11,Jan Klęczar,+48 886 226 838,Ratownik górniczy
EMP-00058,Maks,Armatys,1988-10-16,50643171390,+48 500 607 159,user58@example.com,Agrestowa,63,,74-415,Lubliniec,Przeróbka,Elektryk,Umowa zlecenie,2020-12-26,-100,C,NIE,NIE,4,Aleks Kandziora,+48 500 529 751,Uprawnienia SEP
EMP-00059,Justyna,Kuczak,1983-11-30,29042284210,+48 508 164 535,user59@example.com,Hutnicza,92,31,22-079,Kraśnik,Wydobycie,Kierownik Zmiany,Umowa zlecenie,2011-09-28,-200,A,TAK,TAK,1,Liwia Herdzik,695 523 124,Uprawnienia SEP
EMP-00060,Igor,Wojtalik,1974-05-03,68117758917,32 779 97 99,user60@example.com,Szpitalna,158,6,81-324,Legnica,Elektryczny,Operator,Umowa o pracę,2019-11-28,-500,B,NIE,TAK,8,pan Marek Basaj,+48 734 490 581,Operator maszyn
EMP-00061,Adam,Bany,1978-11-11,17711592124,22 411 99 86,user61@example.com,Pomorska,98,77,75-568,Koło,Elektryczny,Kierownik Oddziału,Umowa na czas określony,2017-06-07,-500,C,TAK,TAK,12,Aniela Gapys,+48 693 597 820,
EMP-00062,Cyprian,Żelasko,1984-06-19,83673657661,538 203 778,user62@example.com,Plater,81,33,79-163,Radomsko,Utrzymanie Ruchu,Geolog,Umowa na czas określony,2023-05-03,-300,D,NIE,TAK,2,pani Ada Semik,32 590 51 51,
EMP-00063,Iwo,Indyka,1988-10-05,61528098851,+48 22 925 19 25,user63@example.com,Kazimierza Wielkiego,171,,84-716,Żagań,Transport,Młodszy Górnik,Umowa B2B,2016-05-10,-400,C,NIE,TAK,2,Adrian Kastelik,+48 791 486 528,Badania ważne
EMP-00064,Apolonia,Mikita,1970-03-08,32731585149,505 423 573,user64@example.com,Grunwaldzka,144,,18-159,Zabrze,Administracja,Elektryk,Umowa B2B,2021-01-09,-200,D,NIE,TAK,3,Oskar Jędraszczyk,32 880 59 29,Ratownik górniczy
EMP-00065,Leon,Hanzel,1981-07-06,45502296120,+48 530 653 794,user65@example.com,Odrzańska,97,54,96-803,Mikołów,BHP,Operator,Umowa zlecenie,2012-09-01,-100,B,NIE,TAK,5,Ewelina Jaremko,787 359 774,W trakcie szkolenia
EMP-00066,Sandra,Fiedoruk,1997-07-27,99102290147,22 392 40 75,user66@example.com,Tysiąclecia,125,78,14-729,Czechowice-Dziedzice,Geologia,Kierownik Zmiany,Umowa B2B,2018-04-09,-650,D,TAK,TAK,9,Ryszard Tlałka,32 247 82 61,
EMP-00067,Aniela,Piekart,2004-04-20,61497840369,880 606 853,user67@example.com,Kasprowicza,53,,11-384,Suwałki,Utrzymanie Ruchu,Kierownik Zmiany,Umowa B2B,2013-08-26,-100,A,TAK,TAK,6,Alex Berg,22 522 04 72,
EMP-00068,Jan,Stypa,1996-10-18,76226838851,504 328 986,user68@example.com,Górna,112,3,37-244,Biała Podlaska,Przeróbka,Górnik,Umowa B2B,2017-09-18,-400,A,NIE,NIE,7,Franciszek Kurc,+48 519 711 798,Badania ważne
EMP-00069,Tadeusz,Budzeń,1967-02-07,64160529751,604 609 539,user69@example.com,Dobra,63,56,24-681,Świecie,Mechaniczny,Kierownik Oddziału,Umowa o pracę,2018-06-23,-400,A,TAK,TAK,5,Anna Maria Cis,538 888 806,W trakcie szkolenia
EMP-00070,Tobiasz,Ścibior,2001-05-18,35218188355,730 515 319,user70@example.com,Wiślana,61,,97-341,Tarnów,Transport,Kierownik Zmiany,Umowa zlecenie,2010-09-19,-650,B,TAK,TAK,10,Maks Szatko,792 772 217,Uprawnienia SEP
EMP-00071,Ksawery,Gaś,1967-12-04,12779979955,515 486 874,user71@example.com,Kościuszki,18,61,97-663,Inowrocław,Transport,Geolog,Umowa B2B,2013-04-25,-200,D,NIE,NIE,1,Maurycy Klisz,32 054 15 66,Ratownik górniczy
EMP-00072,Ernest,Matraszek,1996-03-05,14770054119,667 758 416,user72@example.com,Boczna,119,,56-617,Piotrków Trybunalski,Elektryczny,Elektryk,Umowa zlecenie,2024-09-17,-500,D,NIE,TAK,10,Kazimierz Jędrusiak,535 447 962,Operator maszyn
EMP-00073,Maciej,Fugiel,1994-01-13,20715182037,+48 22 596 40 16,user73@example.com,Gdańska,94,48,66-821,Goleniów,Geologia,Elektryk,Umowa na czas określony,2015-10-13,-400,B,NIE,TAK,11,Antoni Boguta,+48 22 970 21 35,Badania ważne
EMP-00074,Filip,Tomal,1980-12-06,51518644925,607 557 192,user74@example.com,Daszyńskiego,90,40,47-408,Racibórz,Utrzymanie Ruchu,Górnik,Umowa o pracę,2025-08-12,-100,B,NIE,TAK,9,Witold Kuryłowicz,502 786 814,Operator maszyn
EMP-00075,Bruno,Chaberek,1997-06-11,52816850542,787 312 172,user75@example.com,Grottgera,197,,57-090,Pszczyna,Wentylacja,Geolog,Umowa zlecenie,2021-07-30,-200,C,NIE,TAK,2,pani Nicole Bobak,+48 668 442 258,Ratownik górniczy
EMP-00076,Sebastian,Ufnal,1975-06-01,88805929622,+48 32 705 89 57,user76@example.com,Staffa,185,,17-627,Bielsko-Biała,Geologia,Młodszy Górnik,Umowa B2B,2026-03-14,-200,B,NIE,TAK,8,Fabian Hejna,+48 797 866 912,Badania ważne
EMP-00077,Aniela,Minta,2005-05-04,73834735977,+48 788 528 922,user77@example.com,Zwycięstwa,200,49,65-933,Sosnowiec,Utrzymanie Ruchu,Nadsztygar,Umowa zlecenie,2020-07-24,-800,C,TAK,NIE,3,Eliza Furgała,782 253 584,Ratownik górniczy
EMP-00078,Bianka,Parda,2000-04-13,75818141247,604 981 829,user78@example.com,Skośna,112,,20-176,Biłgoraj,Elektryczny,Górnik,Umowa B2B,2014-02-14,-500,B,NIE,TAK,7,pani Gaja Sobuś,501 094 396,
EMP-00079,Inga,Wojciech,1991-03-03,85361530515,+48 734 736 471,user79@example.com,Pałacowa,36,5,08-162,Bolesławiec,Elektryczny,Kierownik Oddziału,Umowa zlecenie,2010-07-01,-800,B,TAK,TAK,8,Karina Dłubak,695 925 556,Badania ważne
EMP-00080,Melania,Baszak,1971-09-04,10432898614,793 714 732,user80@example.com,Wesoła,32,,07-298,Kutno,Geologia,Górnik,Umowa na czas określony,2016-02-04,-200,C,NIE,TAK,2,Witold Jaracz,665 953 278,Operator maszyn
EMP-00081,Sonia,Matulewicz,1985-02-12,80893246095,536 873 395,user81@example.com,Spacerowa,48,11,07-289,Brzeg,Przeróbka,Inspektor BHP,Umowa o pracę,2024-06-15,-200,D,NIE,TAK,8,pan Cezary Grochowina,+48 22 162 45 65,
EMP-00082,Melania,Kwarciak,1968-04-02,65405153195,888 416 878,user82@example.com,Leszczynowa,91,70,80-697,Września,Utrzymanie Ruchu,Geolog,Umowa na czas określony,2010-11-04,-200,A,NIE,TAK,11,Hubert Rzucidło,+48 505 585 239,Uprawnienia SEP
EMP-00083,Aleksander,Ostapiuk,1986-10-23,17043030548,605 787 298,user83@example.com,Stawowa,65,,42-954,Września,Transport,Starszy Górnik,Umowa B2B,2018-03-23,-400,D,NIE,TAK,11,pani Marika Janka,+48 884 958 887,Ratownik górniczy
EMP-00084,Kacper,Gęsiarz,1994-10-17,15667652775,791 694 097,user84@example.com,Makowa,22,,84-802,Łaziska Górne,Geologia,Nadsztygar,Umowa zlecenie,2014-12-06,-800,C,TAK,TAK,5,Mikołaj Han,+48 572 896 230,Ratownik górniczy
EMP-00085,Rafał,Talaśka,1989-05-07,15447962757,+48 535 626 368,user85@example.com,Ciasna,158,56,79-943,Kwidzyn,Wydobycie,Młodszy Górnik,Umowa o pracę,2021-07-09,-100,C,NIE,TAK,6,Sebastian Nojek,698 578 652,Badania ważne
EMP-00086,Inga,Świstek,1984-10-30,20297021355,+48 784 973 348,user86@example.com,Żytnia,155,20,29-965,Będzin,BHP,Operator,Umowa B2B,2018-10-07,-400,A,NIE,TAK,2,Nikodem Pacholczak,+48 797 575 844,Badania ważne
EMP-00087,Fryderyk,Szumna,1971-04-27,85654310278,+48 505 240 415,user87@example.com,Batalionów Chłopskich,68,34,84-263,Goleniów,Wentylacja,Starszy Górnik,Umowa B2B,2021-02-15,-400,A,NIE,TAK,4,pan Oskar Towarek,+48 664 842 199,
EMP-00088,Liwia,Walenciak,1976-01-06,17271551884,+48 733 016 571,user88@example.com,Morska,183,23,99-141,Kraków,Mechaniczny,Starszy Górnik,Umowa zlecenie,2010-11-01,-300,B,NIE,TAK,4,Kalina Bisaga,+48 577 345 401,Uprawnienia SEP
EMP-00089,Piotr,Przewoźna,1992-07-15,70589578291,+48 512 067 240,user89@example.com,Szkolna,102,62,39-582,Łowicz,Geologia,Sztygar,Umowa o pracę,2013-10-26,-100,C,TAK,TAK,6,Józef Bienia,+48 538 872 874,W trakcie szkolenia
EMP-00090,Miłosz,Hamerla,1974-02-26,77852892268,+48 534 205 493,user90@example.com,Kilińskiego,32,,79-877,Marki,Transport,Młodszy Górnik,Umowa zlecenie,2011-11-08,-800,A,NIE,TAK,6,Marianna Parkitny,791 612 275,W trakcie szkolenia
EMP-00091,Ernest,Tylec,2003-11-17,58414384249,+48 534 549 904,user91@example.com,Miłosza,129,,47-710,Chełm,Utrzymanie Ruchu,Sztygar,Umowa B2B,2010-02-11,-500,A,TAK,NIE,1,Ignacy Osial,782 684 145,
EMP-00092,Łukasz,Wajer,1991-01-11,09439690784,607 956 878,user92@example.com,Piekarska,124,32,28-781,Leszno,Transport,Młodszy Górnik,Umowa na czas określony,2013-08-09,-650,C,NIE,TAK,12,Anna Maria Fras,+48 605 191 088,
EMP-00093,Leon,Skubis,1974-07-13,76773592555,+48 22 871 39 71,user93@example.com,Waryńskiego,195,,58-829,Sosnowiec,BHP,Starszy Górnik,Umowa zlecenie,2018-10-29,-400,B,NIE,TAK,2,pan Juliusz Dubis,+48 539 087 406,Ratownik górniczy
EMP-00094,Przemysław,Maculewicz,1976-08-15,32104696325,530 651 801,user94@example.com,Zaciszna,49,21,05-294,Sieradz,Mechaniczny,Mechanik,Umowa na czas określony,2010-01-19,-500,C,NIE,TAK,5,Łukasz Szajner,+48 736 567 661,Operator maszyn
EMP-00095,Rozalia,Szczepaniuk,1993-10-02,16873395004,+48 735 128 682,user95@example.com,Wiatraczna,74,,29-855,Warszawa,Przeróbka,Górnik,Umowa na czas określony,2020-11-18,-400,D,NIE,TAK,5,Radosław Wowra,+48 788 686 337,W trakcie szkolenia
EMP-00096,Kamil,Płaneta,1980-04-16,65060983584,+48 32 690 33 11,user96@example.com,Zaułek,130,58,05-458,Grodzisk Mazowiecki,Administracja,Kierownik Zmiany,Umowa o pracę,2014-07-14,-100,D,TAK,TAK,2,Andrzej Cyrulik,516 738 302,Operator maszyn
EMP-00097,Aurelia,Rećko,1986-08-07,58523986800,+48 699 534 283,user97@example.com,Powstańców Wielkopolskich,183,43,39-282,Toruń,Mechaniczny,Kierownik Zmiany,Umowa na czas określony,2014-10-04,-100,B,TAK,TAK,10,Marianna Wiraszka,+48 570 568 566,Badania ważne
EMP-00098,Julita,Winnik,1972-05-31,59526949588,723 427 086,user98@example.com,Dobra,182,73,72-543,Tarnów,Elektryczny,Starszy Górnik,Umowa o pracę,2016-03-11,-500,D,NIE,TAK,6,Andrzej Geisler,695 175 183,W trakcie szkolenia
EMP-00099,Maciej,Czerniakiewicz,1968-07-03,69409749930,533 983 735,user99@example.com,Żwirowa,44,68,02-217,Inowrocław,Utrzymanie Ruchu,Młodszy Górnik,Umowa zlecenie,2016-03-15,-500,D,NIE,TAK,10,Malwina Boruń,+48 799 363 854,W trakcie szkolenia
EMP-00100,Maurycy,Indyk,1981-09-02,30756263689,735 877 175,user100@example.com,Rzeczna,181,,48-321,Świnoujście,Mechaniczny,Młodszy Górnik,Umowa B2B,2018-10-11,-400,A,NIE,TAK,9,Sylwia Rajman,722 048 996,Operator maszyn
EMP-00101,Olaf,Dorobisz,1978-04-02,27858549733,+48 693 785 477,user101@example.com,Krasińskiego,58,39,22-751,Skierniewice,Wentylacja,Kierownik Zmiany,Umowa na czas określony,2013-03-24,-300,C,TAK,TAK,8,Sebastian Majczyna,+48 667 280 801,Ratownik górniczy
EMP-00102,Jan,Makosz,2004-04-02,44198665240,603 120 387,user102@example.com,Rybacka,89,57,08-633,Marki,Elektryczny,Elektryk,Umowa zlecenie,2020-12-27,-300,A,NIE,TAK,9,pan Mateusz Wawszczak,+48 668 600 848,Ratownik górniczy
EMP-00103,Kornelia,Hutyra,2005-07-17,42199330833,661 182 339,user103@example.com,Borówkowa,106,43,33-835,Skierniewice,Przeróbka,Elektryk,Umowa zlecenie,2010-04-13,-100,A,NIE,TAK,9,Ewa Drozdowicz,886 793 341,Uprawnienia SEP
EMP-00104,Filip,Deluga,1992-08-05,77345401938,+48 506 687 002,user104@example.com,Wierzbowa,45,,64-866,Oświęcim,Wydobycie,Kierownik Oddziału,Umowa na czas określony,2024-02-11,-650,A,TAK,TAK,3,pani Angelika Kolbusz,723 974 014,W trakcie szkolenia
EMP-00105,Filip,Filus,2002-06-01,00499154788,+48 22 503 92 61,user105@example.com,Złota,130,60,21-578,Zamość,Wentylacja,Nadsztygar,Umowa o pracę,2019-04-08,-400,B,TAK,TAK,3,Rozalia Trzpil,+48 502 185 016,W trakcie szkolenia
EMP-00106,Gaja,Pilich,1975-09-24,42054932966,32 504 77 35,user106@example.com,Tysiąclecia,23,,49-443,Siedlce,Utrzymanie Ruchu,Mechanik,Umowa zlecenie,2011-04-02,-500,C,NIE,TAK,6,Karol Burzec,+48 724 311 426,Uprawnienia SEP
EMP-00107,Tobiasz,Grubba,1994-11-29,46374549904,881 104 754,user107@example.com,Rynek,178,,17-090,Siedlce,Przeróbka,Górnik,Umowa na czas określony,2020-06-04,-650,C,NIE,TAK,3,Adrianna Makar,+48 668 610 158,Operator maszyn
EMP-00108,Arkadiusz,Tałaj,1970-03-02,84145933272,+48 500 466 183,user108@example.com,Handlowa,107,71,67-174,Wągrowiec,Mechaniczny,Geolog,Umowa zlecenie,2019-11-01,-400,C,NIE,TAK,11,Alan Karczmarz,734 472 126,Badania ważne
EMP-00109,Igor,Sadlik,1977-06-25,87851910883,733 799 371,user109@example.com,Południowa,43,42,39-007,Otwock,Przeróbka,Młodszy Górnik,Umowa zlecenie,2014-12-06,-500,B,NIE,NIE,8,pani Tola Klisz,797 569 245,
EMP-00110,Malwina,Bartel,1990-07-28,70728679087,666 547 935,user110@example.com,Narutowicza,186,3,36-837,Ciechanów,Transport,Elektryk,Umowa o pracę,2021-06-07,-650,C,NIE,TAK,10,pani Ewelina Zieniewicz,+48 698 280 737,
EMP-00111,Krzysztof,Tatarczyk,1998-05-09,65180170462,+48 22 672 43 42,user111@example.com,Kolonia,197,54,55-809,Dębica,Geologia,Górnik,Umowa na czas określony,2023-09-02,-800,B,NIE,TAK,7,Adrianna Cieplucha,+48 579 688 680,
EMP-00112,Julita,Moneta,1998-01-27,82512868230,+48 731 135 290,user112@example.com,Wilcza,77,60,83-694,Kętrzyn,Mechaniczny,Geolog,Umowa na czas określony,2015-11-30,-800,A,NIE,TAK,4,Kornel Wyroślak,+48 511 014 388,Operator maszyn
EMP-00113,Borys,Kuśnierek,1988-10-06,24310690331,886 798 250,user113@example.com,Niecała,115,,14-303,Żyrardów,Wentylacja,Kierownik Zmiany,Umowa o pracę,2021-04-23,-100,A,TAK,TAK,8,Oliwier Trepczyk,+48 882 545 738,Uprawnienia SEP
EMP-00114,Monika,Stefankiewicz,1985-10-05,30284395995,+48 797 514 010,user114@example.com,Liliowa,37,,83-112,Jarocin,Geologia,Elektryk,Umowa B2B,2017-10-30,-200,C,NIE,TAK,1,Andrzej Wiciak,668 258 673,Badania ważne
EMP-00115,Daniel,Działa,1998-05-10,26870568566,+48 786 609 379,user115@example.com,Agrestowa,97,24,50-005,Kluczbork,Wentylacja,Inspektor BHP,Umowa zlecenie,2020-05-10,-200,C,NIE,TAK,12,Gabriel Widłak,32 191 82 55,Uprawnienia SEP
EMP-00116,Marika,Amanowicz,1974-04-30,08668826343,+48 735 969 691,user116@example.com,Stefana Batorego,116,,46-866,Knurów,Mechaniczny,Mechanik,Umowa zlecenie,2011-11-16,-300,A,NIE,TAK,5,Radosław Pasich,+48 691 251 341,Operator maszyn
EMP-00117,Apolonia,Wota,1973-10-07,99013983735,+48 519 296 627,user117@example.com,Bolesława Krzywoustego,55,,69-711,Kętrzyn,Elektryczny,Geolog,Umowa zlecenie,2021-05-27,-300,A,NIE,NIE,12,Dagmara Kumorek,+48 574 225 790,Uprawnienia SEP
EMP-00118,Ada,Engel,2001-01-24,38546785445,696 887 676,user118@example.com,Sarnia,120,13,57-501,Jastrzębie-Zdrój,BHP,Kierownik Oddziału,Umowa zlecenie,2025-08-26,-500,D,TAK,TAK,6,Sylwia Malewicz,+48 32 340 43 84,Operator maszyn
EMP-00119,Anastazja,Salach,1973-03-04,93204899642,+48 601 914 858,user119@example.com,Solidarnosci,59,,06-779,Kościan,Elektryczny,Górnik,Umowa B2B,2017-07-09,-200,C,NIE,TAK,8,pan Bruno Kazek,+48 883 407 451,W trakcie szkolenia
EMP-00120,Marek,Szela,1984-01-03,77252287280,+48 32 959 62 92,user120@example.com,Bolesława Chrobrego,20,,27-825,Toruń,Geologia,Geolog,Umowa zlecenie,2026-05-06,-500,A,NIE,TAK,2,pani Rozalia Głuszko,665 449 481,W trakcie szkolenia
EMP-00121,Klara,Zeman,1971-11-13,03875099770,732 232 536,user121@example.com,Szarych Szeregów,4,3,19-592,Czerwionka-Leszczyny,Mechaniczny,Starszy Górnik,Umowa B2B,2022-05-03,-100,D,NIE,TAK,9,Urszula Strug,+48 531 168 457,W trakcie szkolenia
EMP-00122,Jakub,Ścieszka,2004-06-15,62118233984,32 175 18 63,user122@example.com,Agrestowa,69,,28-507,Żory,BHP,Geolog,Umowa na czas określony,2015-05-20,-800,C,NIE,TAK,10,pani Lidia Matyjaszek,+48 692 975 001,Uprawnienia SEP
EMP-00123,Kacper,Lato,1991-06-29,34101666870,+48 22 277 06 32,user123@example.com,Konstytucji 3 Maja,180,,39-163,Tarnowskie Góry,Elektryczny,Operator,Umowa na czas określony,2023-10-05,-650,A,NIE,TAK,10,Olgierd Suda,535 206 436,
EMP-00124,Jakub,Kluczyk,1992-08-30,03397401489,+48 571 293 870,user124@example.com,Szkolna,46,,90-352,Opole,Wentylacja,Elektryk,Umowa zlecenie,2021-07-28,-650,A,NIE,TAK,2,Adrian Burkiewicz,533 611 155,Ratownik górniczy
EMP-00125,Łukasz,Toma,2001-09-07,93968562185,+48 782 189 092,user125@example.com,Baczynskiego,112,,45-740,Gniezno,BHP,Starszy Górnik,Umowa na czas określony,2012-04-03,-100,A,NIE,TAK,1,Klara Pompa,+48 787 311 219,W trakcie szkolenia
EMP-00126,Marianna,Sura,1995-08-24,77358662961,+48 32 234 13 89,user126@example.com,Truskawkowa,64,,93-623,Bełchatów,Transport,Nadsztygar,Umowa zlecenie,2015-10-13,-800,C,TAK,TAK,12,Emil Fronczek,+48 609 836 403,W trakcie szkolenia
EMP-00127,Sonia,Wojsław,1986-03-29,65511047541,+48 721 805 526,user127@example.com,Długosza,48,56,54-375,Myszków,Mechaniczny,Starszy Górnik,Umowa na czas określony,2011-11-09,-200,A,NIE,TAK,1,Natasza Wyłupek,530 910 430,
EMP-00128,Ewa,Lelito,2003-05-07,81995604661,788 666 188,user128@example.com,Rycerska,147,,20-285,Olsztyn,Geologia,Kierownik Zmiany,Umowa zlecenie,2025-08-07,-650,B,TAK,TAK,5,Maksymilian Knapek,692 856 914,Ratownik górniczy
EMP-00129,Tadeusz,Drygas,1994-05-23,72126464715,721 617 990,user129@example.com,Kazimierza Wielkiego,185,,86-760,Biłgoraj,Elektryczny,Nadsztygar,Umowa o pracę,2022-01-02,-300,B,TAK,TAK,5,Ignacy Kotala,+48 792 027 588,
EMP-00130,Leon,Doroszkiewicz,1997-10-06,59657569245,604 105 648,user130@example.com,Wiśniowa,123,,34-730,Łuków,Geologia,Kierownik Oddziału,Umowa B2B,2021-11-07,-500,B,TAK,TAK,12,Sonia Ćmiel,+48 605 079 252,W trakcie szkolenia
EMP-00131,Anita,Maziarczyk,1976-08-25,79356465193,+48 881 380 003,user131@example.com,Klonowa,175,,61-373,Kutno,Elektryczny,Geolog,Umowa zlecenie,2011-09-11,-500,B,NIE,TAK,5,Kajetan Złotek,518 635 365,W trakcie szkolenia
EMP-00132,Mariusz,Kostro,1977-04-18,67243426617,+48 600 238 061,user132@example.com,Jeżynowa,150,52,37-793,Piekary Śląskie,Mechaniczny,Młodszy Górnik,Umowa o pracę,2011-04-13,-500,D,NIE,TAK,12,pani Liwia Rajtar,505 349 493,Badania ważne
EMP-00133,Anastazja,Wygoda,1984-12-31,11352909656,32 383 20 60,user133@example.com,Zachodnia,26,,70-355,Kłodzko,Mechaniczny,Inspektor BHP,Umowa zlecenie,2019-09-24,-100,A,NIE,TAK,6,Józef Krzysiek,32 641 38 36,Operator maszyn
EMP-00134,Julian,Morgała,1986-02-15,98250714611,731 038 657,user134@example.com,Sybiraków,90,40,11-595,Rybnik,Elektryczny,Mechanik,Umowa zlecenie,2010-12-26,-800,B,NIE,TAK,8,Kamila Koj,+48 699 062 344,Ratownik górniczy
EMP-00135,Kamila,Wichary,2000-06-24,17751401051,22 557 43 13,user135@example.com,Południowa,190,,99-599,Gorzów Wielkopolski,Mechaniczny,Mechanik,Umowa zlecenie,2025-03-24,-650,B,NIE,TAK,9,Dominik Kamela,+48 537 561 853,Operator maszyn
EMP-00136,Ignacy,Wiech,1984-07-09,36226609379,664 903 521,user136@example.com,Wiązowa,2,,32-992,Tarnobrzeg,Transport,Mechanik,Umowa o pracę,2017-08-14,-400,D,NIE,NIE,2,Ida Jaroch,+48 784 420 678,Badania ważne
EMP-00137,Marcelina,Dziedzina,1996-05-14,55371478596,+48 32 210 03 23,user137@example.com,Starowiejska,151,15,48-703,Czerwionka-Leszczyny,BHP,Starszy Górnik,Umowa na czas określony,2014-02-09,-500,D,NIE,NIE,3,Janina Kabza,731 013 721,W trakcie szkolenia
EMP-00138,Kornel,Plaskota,2002-08-25,49912513412,517 029 667,user138@example.com,Kolejowa,131,50,49-700,Chojnice,Administracja,Operator,Umowa zlecenie,2023-08-22,-300,B,NIE,NIE,7,Maks Kozłowicz,664 472 099,Operator maszyn
EMP-00139,Sonia,Zugaj,1991-02-15,78282742257,+48 667 014 626,user139@example.com,Orzechowa,92,2,83-906,Ostróda,Utrzymanie Ruchu,Starszy Górnik,Umowa zlecenie,2020-08-23,-500,A,NIE,TAK,9,Inga Joniak,506 578 759,Badania ważne
EMP-00140,Grzegorz,Para,1986-07-16,76767721903,799 304 078,user140@example.com,Władysława Łokietka,71,29,99-599,Pabianice,Utrzymanie Ruchu,Geolog,Umowa na czas określony,2016-05-21,-300,A,NIE,NIE,12,Oskar Młot,+48 783 480 396,Operator maszyn
EMP-00141,Tymoteusz,Latuszek,1980-08-20,81914858078,729 559 059,user141@example.com,Wilcza,27,32,19-577,Inowrocław,Wydobycie,Elektryk,Umowa na czas określony,2023-10-20,-200,D,NIE,TAK,6,pan Dawid Glenc,511 039 308,
EMP-00142,Ksawery,Dziugieł,1985-07-25,13395962923,605 250 029,user142@example.com,Kolorowa,16,73,19-793,Elbląg,Mechaniczny,Mechanik,Umowa B2B,2015-06-16,-800,B,NIE,NIE,9,pani Karina Stochel,+48 786 915 452,Uprawnienia SEP
EMP-00143,Justyna,Kaletka,2005-06-24,44948126042,+48 737 528 953,user143@example.com,Piekarska,64,19,76-835,Jelenia Góra,Wentylacja,Kierownik Zmiany,Umowa na czas określony,2022-01-16,-650,B,TAK,TAK,3,Norbert Daniec,+48 794 220 969,Badania ważne
EMP-00144,Borys,Jaśkowiec,1967-09-28,46671168457,+48 691 725 135,user144@example.com,Myśliwska,149,,22-652,Bielsko-Biała,Elektryczny,Geolog,Umowa B2B,2019-11-27,-400,C,NIE,TAK,9,pani Kamila Bobrowicz,693 154 100,Operator maszyn
EMP-00145,Leon,Piekart,1981-11-18,63745458929,+48 517 658 617,user145@example.com,Widok,88,,84-777,Wągrowiec,Przeróbka,Sztygar,Umowa na czas określony,2022-01-17,-800,D,TAK,TAK,2,Miłosz Gosz,530 405 411,Uprawnienia SEP
EMP-00146,Miłosz,Sudnik,1980-02-12,70632424154,538 159 970,user146@example.com,Księżycowa,171,,84-169,Krotoszyn,Geologia,Mechanik,Umowa B2B,2024-08-07,-100,C,NIE,TAK,7,Damian Kiełbowicz,575 336 884,W trakcie szkolenia
EMP-00147,Patryk,Zieja,1992-11-13,10371293870,+48 509 872 050,user147@example.com,Opolska,31,,12-302,Żagań,Elektryczny,Młodszy Górnik,Umowa o pracę,2014-11-22,-100,C,NIE,TAK,7,pan Franciszek Siara,692 417 146,
EMP-00148,Błażej,Łodyga,1985-04-13,11554262218,+48 738 625 652,user148@example.com,Orla,157,22,06-270,Bolesławiec,BHP,Operator,Umowa zlecenie,2024-09-18,-500,A,NIE,TAK,7,pan Kamil Grotek,739 021 158,Badania ważne
EMP-00149,Olaf,Guzdek,1983-01-02,73112196565,516 868 793,user149@example.com,Krańcowa,64,,39-081,Otwock,Wentylacja,Geolog,Umowa B2B,2022-06-10,-800,B,NIE,TAK,11,Nela Szczerek,+48 609 921 722,Ratownik górniczy
EMP-00150,Hubert,Kolbusz,2005-05-01,89836403761,+48 511 632 945,user150@example.com,Wiatraczna,164,,09-090,Nysa,Mechaniczny,Sztygar,Umowa o pracę,2023-04-18,-200,D,TAK,TAK,6,Bianka Grygorowicz,+48 22 487 09 98,Uprawnienia SEP
EMP-00151,Krystian,Kochel,1997-09-17,96582710910,+48 699 911 914,user151@example.com,Jabłoniowa,11,8,45-899,Świnoujście,Mechaniczny,Kierownik Oddziału,Umowa B2B,2011-11-07,-300,B,TAK,TAK,7,Ernest Rompa,+48 579 970 246,Operator maszyn
EMP-00152,Blanka,Bernatowicz,1972-03-13,61889241418,+48 505 307 450,user152@example.com,Władysława Jagiełły,138,42,39-319,Tczew,Administracja,Operator,Umowa o pracę,2020-01-04,-200,B,NIE,TAK,12,pan Oliwier Hulbój,787 546 913,Operator maszyn
EMP-00153,Kalina,Bejger,1984-02-11,30316179904,+48 578 508 214,user153@example.com,Sarnia,31,,65-414,Tarnów,Wydobycie,Operator,Umowa zlecenie,2025-01-08,-650,B,NIE,TAK,6,Tymoteusz Handzel,22 303 07 05,Badania ważne
EMP-00154,Marcelina,Wiertel,1994-08-18,42524105648,+48 501 035 797,user154@example.com,Dolna,183,,61-601,Zgorzelec,Elektryczny,Elektryk,Umowa na czas określony,2014-07-04,-100,C,NIE,TAK,6,pani Kornelia Zimmer,731 406 029,
EMP-00155,Borys,Chachaj,1997-08-21,92524191380,723 468 007,user155@example.com,Sikorskiego,63,6,83-178,Grodzisk Mazowiecki,BHP,Mechanik,Umowa na czas określony,2013-07-11,-100,A,NIE,TAK,3,Artur Deryło,+48 724 466 574,
EMP-00156,Angelika,Pal,1975-03-05,63536541951,+48 726 910 858,user156@example.com,Browarna,46,,77-624,Bełchatów,Geologia,Elektryk,Umowa o pracę,2014-12-20,-500,A,NIE,TAK,5,Dominik Sommer,535 454 443,Ratownik górniczy
EMP-00157,Adam,Łacina,1972-06-10,18705349493,+48 22 965 20 74,user157@example.com,Wschodnia,152,,54-415,Nysa,Mechaniczny,Kierownik Zmiany,Umowa zlecenie,2022-08-03,-400,C,TAK,TAK,1,Janina Cięciwa,+48 693 538 758,Operator maszyn
EMP-00158,Dagmara,Troć,1978-06-14,38505064138,781 724 825,user158@example.com,Malczewskiego,126,,12-228,Skierniewice,Transport,Górnik,Umowa o pracę,2012-10-17,-200,D,NIE,TAK,4,Norbert Dębosz,+48 32 554 94 71,Badania ważne
EMP-00159,Janina,Patoka,1985-04-07,57191826199,+48 721 738 168,user159@example.com,Żytnia,170,,53-056,Legnica,Transport,Kierownik Oddziału,Umowa B2B,2024-03-31,-100,D,TAK,TAK,7,Ksawery Żołna,+48 519 725 217,W trakcie szkolenia
EMP-00160,Jędrzej,Wasyluk,1979-10-01,55743132912,510 743 292,user160@example.com,Szarych Szeregów,116,60,98-799,Bielsko-Biała,Geologia,Operator,Umowa o pracę,2026-03-23,-100,B,NIE,TAK,6,Justyna Dylak,+48 516 676 008,Uprawnienia SEP
EMP-00161,Bartek,Franiak,1974-06-03,47411249035,798 300 335,user161@example.com,Kamienna,183,32,17-106,Kutno,Geologia,Mechanik,Umowa o pracę,2016-02-19,-200,A,NIE,TAK,5,Leon Jarosiewicz,22 044 78 98,Uprawnienia SEP
EMP-00162,Łukasz,Żołna,1979-12-16,67883171210,+48 575 326 033,user162@example.com,Wiatraczna,34,26,17-217,Nowa Ruda,BHP,Górnik,Umowa o pracę,2024-08-08,-100,B,NIE,NIE,10,Julianna Jonik,661 506 489,Ratownik górniczy
EMP-00163,Dominik,Supernak,1968-05-21,01372151070,22 001 67 61,user163@example.com,Szmaragdowa,186,51,33-486,Bartoszyce,Wydobycie,Młodszy Górnik,Umowa na czas określony,2026-05-11,-200,D,NIE,TAK,3,Gabriel Kryszczuk,+48 780 461 849,Ratownik górniczy
EMP-00164,Paweł,Gumuła,1990-09-02,24472099934,+48 889 141 173,user164@example.com,Srebrna,141,,26-797,Łomża,Przeróbka,Sztygar,Umowa B2B,2012-04-03,-400,D,TAK,TAK,3,Maurycy Koćwin,+48 514 208 737,Operator maszyn
EMP-00165,Dawid,Suszko,1979-09-02,83806578759,22 972 18 11,user165@example.com,Tuwima,100,,83-237,Sanok,Wydobycie,Sztygar,Umowa B2B,2010-01-17,-500,C,TAK,NIE,4,Błażej Franas,511 204 556,
EMP-00166,Aleksander,Rychel,1995-12-27,07859321334,+48 22 225 57 94,user166@example.com,Średnia,196,29,12-382,Puławy,BHP,Nadsztygar,Umowa zlecenie,2011-07-25,-500,A,TAK,TAK,4,Oliwier Masłoń,+48 507 467 621,Badania ważne
EMP-00167,Damian,Hanc,1971-09-29,59059929378,+48 519 797 296,user167@example.com,Hutnicza,126,,46-627,Bydgoszcz,Wydobycie,Kierownik Zmiany,Umowa zlecenie,2021-12-11,-300,B,TAK,NIE,4,Karina Kenig,576 701 450,
EMP-00168,Aurelia,Indyka,1994-08-17,70593252500,+48 693 588 916,user168@example.com,Bankowa,199,15,94-255,Sochaczew,Przeróbka,Elektryk,Umowa B2B,2021-02-23,-200,B,NIE,TAK,10,pani Marianna Pałęga,22 890 02 87,
EMP-00169,Igor,Karpiak,2000-07-08,45226752895,+48 575 354 083,user169@example.com,Lipca,97,40,83-388,Zduńska Wola,Utrzymanie Ruchu,Kierownik Zmiany,Umowa zlecenie,2024-04-18,-200,B,TAK,TAK,12,Maksymilian Dziuda,+48 539 717 751,Badania ważne
EMP-00170,Kacper,Jędrusiak,2005-09-02,90295939172,+48 506 088 019,user170@example.com,Wieniawskiego,61,45,82-312,Kraśnik,Utrzymanie Ruchu,Kierownik Oddziału,Umowa o pracę,2022-04-03,-300,A,TAK,TAK,8,Agnieszka Gogola,880 375 899,
EMP-00171,Aniela,Początek,1985-05-15,33154100676,573 055 488,user171@example.com,Rybacka,127,49,90-109,Gdynia,Mechaniczny,Nadsztygar,Umowa na czas określony,2020-10-21,-200,D,TAK,TAK,8,Anastazja Wasil,22 614 93 31,Badania ważne
EMP-00172,Róża,Madajczyk,2003-08-27,32710405411,+48 32 351 60 91,user172@example.com,Pszenna,97,,58-469,Biłgoraj,Mechaniczny,Geolog,Umowa o pracę,2016-06-17,-300,B,NIE,TAK,10,Sonia Bitner,+48 600 869 782,Badania ważne
EMP-00173,Hubert,Hanc,1994-02-12,06296201533,+48 509 958 669,user173@example.com,Ceglana,170,37,98-255,Tarnowskie Góry,Wentylacja,Mechanik,Umowa o pracę,2012-11-08,-400,C,NIE,TAK,7,Cyprian Pałgan,+48 532 269 848,Badania ważne
EMP-00174,Bianka,Mitera,2000-11-14,72050614973,693 394 522,user174@example.com,Cegielniana,53,22,70-711,Marki,Przeróbka,Elektryk,Umowa na czas określony,2021-09-15,-100,A,NIE,TAK,5,pani Elżbieta Rząd,+48 667 996 846,Operator maszyn
EMP-00175,Szymon,Kasak,1998-10-11,74186256527,600 034 244,user175@example.com,Zacisze,113,60,08-708,Pruszków,Wentylacja,Mechanik,Umowa B2B,2018-08-06,-100,C,NIE,NIE,1,Rozalia Feret,887 198 386,Uprawnienia SEP
EMP-00176,Stefan,Małyszka,1975-12-13,11586938068,+48 780 666 580,user176@example.com,Lipowa,147,31,96-258,Lubin,Transport,Operator,Umowa o pracę,2022-11-24,-400,D,NIE,TAK,12,pan Alex Osojca,+48 795 989 334,
EMP-00177,Igor,Lenda,1984-05-25,98992172233,668 160 648,user177@example.com,Makowa,109,11,17-165,Śrem,Wentylacja,Elektryk,Umowa zlecenie,2026-03-04,-200,A,NIE,NIE,5,Jan Panuś,+48 532 025 909,Ratownik górniczy
EMP-00178,Anita,Głownia,2000-03-03,11686854870,881 583 281,user178@example.com,Cyprysowa,29,,21-426,Myszków,Utrzymanie Ruchu,Operator,Umowa o pracę,2014-12-14,-800,D,NIE,TAK,10,Tomasz Łyś,723 555 439,
EMP-00179,Mateusz,Koral,1987-08-31,85646799702,+48 785 739 930,user179@example.com,Rataja,37,80,42-391,Płock,Wydobycie,Nadsztygar,Umowa na czas określony,2026-05-22,-300,D,TAK,TAK,12,Juliusz Dziduch,+48 884 085 887,Uprawnienia SEP
EMP-00180,Eryk,Filek,1985-12-01,74505444713,+48 601 128 801,user180@example.com,Tęczowa,191,57,86-645,Łaziska Górne,Transport,Górnik,Umowa na czas określony,2014-11-16,-200,C,NIE,NIE,11,Kaja Policht,573 861 207,
EMP-00181,Wojciech,Majdak,1995-02-13,73678508214,664 819 346,user181@example.com,Szeroka,35,,58-646,Zduńska Wola,Utrzymanie Ruchu,Sztygar,Umowa zlecenie,2010-08-16,-650,D,TAK,TAK,1,Jędrzej Zbroja,+48 501 809 190,Uprawnienia SEP
EMP-00182,Nela,Baszak,1994-06-24,70534578610,784 914 766,user182@example.com,Bankowa,126,77,04-486,Słupsk,Utrzymanie Ruchu,Górnik,Umowa na czas określony,2011-03-12,-200,C,NIE,NIE,9,Łukasz Pyś,+48 508 424 508,Ratownik górniczy
EMP-00183,Maciej,Durlik,2001-06-08,24140602933,+48 699 688 143,user183@example.com,Kowalska,174,27,95-926,Wieluń,Geologia,Kierownik Zmiany,Umowa o pracę,2012-04-29,-650,B,TAK,TAK,8,pani Anastazja Bandyk,+48 22 822 23 94,Uprawnienia SEP
EMP-00184,Nicole,Cichos,1974-03-21,29034944665,518 781 414,user184@example.com,Pogodna,56,60,26-744,Augustów,Mechaniczny,Geolog,Umowa na czas określony,2012-12-25,-400,C,NIE,NIE,2,pan Kajetan Kuran,+48 783 149 135,
EMP-00185,Norbert,Kuczaj,1985-11-17,58994417154,+48 692 995 562,user185@example.com,Słoneczna,71,34,41-253,Siemianowice Śląskie,Wentylacja,Elektryk,Umowa zlecenie,2015-05-27,-650,C,NIE,TAK,4,Jacek Machniak,882 577 754,
EMP-00186,Maksymilian,Skocz,1985-12-03,65207446660,732 834 110,user186@example.com,Słowianska,88,29,81-032,Augustów,BHP,Inspektor BHP,Umowa B2B,2011-10-16,-500,B,NIE,TAK,11,Tola Piegza,518 488 725,Badania ważne
EMP-00187,Julianna,Kosak,1982-02-22,41724825135,+48 22 427 88 16,user187@example.com,Gdańska,108,43,65-011,Żagań,Transport,Starszy Górnik,Umowa B2B,2024-08-28,-200,C,NIE,TAK,2,Leon Świć,+48 602 722 992,Operator maszyn
EMP-00188,Maurycy,Szyc,1995-11-18,99917381684,727 314 530,user188@example.com,Jana,39,,27-531,Skarżysko-Kamienna,BHP,Górnik,Umowa na czas określony,2017-12-13,-400,A,NIE,NIE,8,Natasza Gawliczek,510 518 449,Uprawnienia SEP
EMP-00189,Albert,Tasarz,1988-03-20,21752500743,+48 691 846 386,user189@example.com,Kołłątaja,148,21,45-499,Sochaczew,Przeróbka,Kierownik Zmiany,Umowa zlecenie,2012-11-10,-800,B,TAK,NIE,7,Nela Omiotek,607 231 843,W trakcie szkolenia
EMP-00190,Ignacy,Węgrzyk,1972-06-15,66760083505,726 517 773,user190@example.com,Piwna,5,,21-663,Świnoujście,Wentylacja,Kierownik Oddziału,Umowa B2B,2012-08-03,-800,B,TAK,TAK,3,Andrzej Hołubowicz,609 922 809,
EMP-00191,Grzegorz,Kocurek,1972-04-26,89421044789,+48 509 904 137,user191@example.com,Mazurska,112,18,61-889,Sochaczew,Elektryczny,Kierownik Oddziału,Umowa B2B,2012-09-26,-500,C,TAK,TAK,3,Borys Borzych,+48 519 292 984,Operator maszyn
EMP-00192,Agnieszka,Wittbrodt,1973-02-25,33230982150,+48 691 366 210,user192@example.com,Rzemieślnicza,198,,67-881,Cieszyn,Administracja,Górnik,Umowa o pracę,2021-04-10,-400,C,NIE,TAK,11,Krystian Szkatuła,572 799 088,
EMP-00193,Adrian,Klos,1996-07-16,16761847230,+48 660 686 508,user193@example.com,Agrestowa,170,13,30-961,Sochaczew,Administracja,Górnik,Umowa zlecenie,2011-07-14,-300,D,NIE,TAK,2,Nataniel Kuczak,+48 32 916 24 73,Badania ważne
EMP-00194,Inga,Stasica,2002-11-06,91411739348,733 009 818,user194@example.com,Krótka,181,53,49-671,Ostrów Wielkopolski,Utrzymanie Ruchu,Operator,Umowa o pracę,2011-05-19,-200,C,NIE,TAK,8,pani Karina Łój,606 944 869,Uprawnienia SEP
EMP-00195,Ewa,Wiekiera,1981-01-26,75300119721,696 887 258,user195@example.com,Brzechwy,186,13,62-260,Zgierz,Wentylacja,Operator,Umowa na czas określony,2014-07-14,-800,A,NIE,TAK,5,pani Aurelia Pazik,+48 22 137 21 38,Operator maszyn
EMP-00196,Krystyna,Starek,1982-06-20,12045561100,+48 790 260 127,user196@example.com,Truskawkowa,170,22,56-091,Kielce,BHP,Górnik,Umowa na czas określony,2015-07-26,-800,B,NIE,NIE,5,Borys Korda,539 066 984,W trakcie szkolenia
EMP-00197,Tymoteusz,Fedyk,1994-11-28,55216674676,+48 577 038 430,user197@example.com,Górska,29,,66-529,Sandomierz,Utrzymanie Ruchu,Młodszy Górnik,Umowa o pracę,2019-10-29,-650,B,NIE,TAK,10,Alan Ochab,515 302 146,Operator maszyn
EMP-00198,Julianna,Gortat,1980-07-27,72965902771,+48 600 118 489,user198@example.com,Stefana Batorego,12,9,45-987,Tarnowskie Góry,BHP,Inspektor BHP,Umowa o pracę,2016-07-01,-400,D,NIE,TAK,12,Eryk Gawliczek,+48 509 042 681,Badania ważne
EMP-00199,Cyprian,Strzępek,1988-10-15,93588916375,+48 32 848 94 76,user199@example.com,Wilcza,39,,62-789,Tomaszów Mazowiecki,Wydobycie,Operator,Umowa zlecenie,2018-04-11,-650,D,NIE,TAK,8,pani Melania Kubasiewicz,+48 690 714 163,Operator maszyn
EMP-00200,Jędrzej,Makosz,1993-07-09,17535408386,888 804 341,user200@example.com,Stroma,21,59,87-767,Puławy,Administracja,Starszy Górnik,Umowa na czas określony,2013-10-12,-400,B,NIE,TAK,8,Bianka Ciemięga,+48 575 539 423,Operator maszyn
EMP-00201,Tadeusz,Kasznia,1986-05-28,17016608801,733 333 952,user201@example.com,Hutnicza,131,,14-123,Bytom,Elektryczny,Kierownik Zmiany,Umowa B2B,2013-04-14,-800,C,TAK,TAK,1,pan Fryderyk Berdzik,+48 660 759 579,Uprawnienia SEP
EMP-00202,Apolonia,Beśka,2001-03-12,58997571130,+48 503 920 867,user202@example.com,Skargi,163,38,05-515,Wodzisław Śląski,Przeróbka,Mechanik,Umowa o pracę,2018-01-26,-300,C,NIE,TAK,8,Tymoteusz Holc,578 750 036,Uprawnienia SEP
EMP-00203,Robert,Wolff,1989-09-07,61493316373,+48 664 347 955,user203@example.com,Moniuszki,28,,64-435,Ostrowiec Świętokrzyski,Administracja,Operator,Umowa o pracę,2015-05-09,-650,C,NIE,TAK,8,Mariusz Brejnak,+48 22 647 29 29,W trakcie szkolenia
EMP-00204,Jeremi,Gęca,1993-11-19,82708086978,728 663 227,user204@example.com,Szkolna,178,,23-432,Olkusz,Utrzymanie Ruchu,Inspektor BHP,Umowa o pracę,2023-05-23,-800,B,NIE,TAK,11,Eliza Kręgiel,+48 885 744 890,Badania ważne
EMP-00205,Stanisław,Ochnik,1982-05-19,58669346547,22 471 75 45,user205@example.com,Żwirki i Wigury,36,53,72-571,Stalowa Wola,Mechaniczny,Inspektor BHP,Umowa B2B,2021-05-10,-800,B,NIE,TAK,11,pani Anastazja Hajduga,889 399 824,Uprawnienia SEP
EMP-00206,Ada,Borkowicz,1980-08-25,39452288515,+48 887 169 472,user206@example.com,Warszawska,150,74,82-828,Wejherowo,Mechaniczny,Sztygar,Umowa B2B,2021-01-26,-500,D,TAK,TAK,1,Anita Przekwas,+48 22 112 53 55,Badania ważne
EMP-00207,Ewa,Gmur,1992-07-25,06200342442,+48 535 987 622,user207@example.com,Kościelna,177,,17-746,Chełm,Mechaniczny,Młodszy Górnik,Umowa o pracę,2021-09-06,-800,A,NIE,TAK,8,Maksymilian Karpik,666 111 780,
EMP-00208,Karol,Uliasz,1967-07-02,83863840666,739 216 433,user208@example.com,Wróblewskiego,142,,37-454,Gorlice,Transport,Inspektor BHP,Umowa zlecenie,2016-07-12,-800,C,NIE,NIE,8,Adrian Czura,22 200 55 77,Uprawnienia SEP
EMP-00209,Jeremi,Elert,2005-06-11,59893347212,+48 532 829 979,user209@example.com,Fredry,97,6,68-656,Marki,Transport,Geolog,Umowa B2B,2018-11-21,-200,A,NIE,TAK,3,Mieszko Szymańczak,+48 663 174 564,Badania ważne
EMP-00210,Angelika,Dulik,1972-09-03,05720259094,32 254 78 07,user210@example.com,Okulickiego,19,,62-307,Łódź,Utrzymanie Ruchu,Nadsztygar,Umowa o pracę,2010-03-05,-400,C,TAK,TAK,3,Aleks Habdas,720 853 686,Operator maszyn
EMP-00211,Tobiasz,Pikula,1982-03-27,86153355543,+48 503 416 389,user211@example.com,Sawickiej,144,,88-279,Bełchatów,BHP,Elektryk,Umowa na czas określony,2012-09-07,-800,D,NIE,TAK,11,Klara Łągiewka,+48 22 122 41 79,Badania ważne
EMP-00212,Marika,Mrózek,1984-07-21,30561648408,790 208 021,user212@example.com,Traugutta,132,66,35-129,Jawor,Elektryczny,Inspektor BHP,Umowa o pracę,2021-07-09,-800,C,NIE,TAK,11,pan Oliwier Woszczyna,600 735 647,Uprawnienia SEP
EMP-00213,Filip,Skierka,2006-05-13,81128801336,532 046 187,user213@example.com,Kreta,53,69,25-918,Przemyśl,Przeróbka,Kierownik Zmiany,Umowa zlecenie,2017-08-16,-800,A,TAK,TAK,8,Bartek Smutek,32 367 30 37,W trakcie szkolenia
EMP-00214,Nikodem,Czak,1995-11-10,01102481934,+48 504 520 881,user214@example.com,Mostowa,116,52,62-654,Będzin,BHP,Kierownik Zmiany,Umowa o pracę,2011-07-19,-400,D,TAK,TAK,11,Olgierd Wielgo,513 136 502,
EMP-00215,Ewa,Imiela,1998-03-22,09190158144,720 097 925,user215@example.com,Korfantego,73,57,12-255,Słupsk,Geologia,Elektryk,Umowa o pracę,2019-08-13,-500,A,NIE,TAK,3,pan Cyprian Łakota,790 052 812,Badania ważne
EMP-00216,Dagmara,Mik,1985-12-16,26842450882,+48 735 730 652,user216@example.com,Wyspiańskiego,2,74,06-497,Kluczbork,Mechaniczny,Sztygar,Umowa o pracę,2015-03-18,-100,A,TAK,TAK,4,pan Jeremi Duchnik,+48 573 928 557,W trakcie szkolenia
EMP-00217,Bianka,Abramczuk,1977-06-16,53682223943,538 274 485,user217@example.com,Brzoskwiniowa,172,,01-795,Marki,Mechaniczny,Operator,Umowa na czas określony,2023-09-03,-100,B,NIE,TAK,2,Daniel Krokosz,509 593 518,Ratownik górniczy
EMP-00218,Sonia,Szajner,1999-03-17,14139755231,+48 662 945 651,user218@example.com,Wesoła,50,41,67-675,Gliwice,Elektryczny,Geolog,Umowa B2B,2013-02-14,-300,A,NIE,NIE,11,Adrian Ciemięga,+48 22 031 73 10,Ratownik górniczy
EMP-00219,Marika,Matacz,1989-04-14,92995562053,+48 729 405 391,user219@example.com,Lipowa,183,56,27-672,Oleśnica,BHP,Operator,Umowa zlecenie,2023-10-02,-800,B,NIE,TAK,8,Roksana Krata,+48 730 586 509,Operator maszyn
EMP-00220,Wojciech,Drożdżal,1977-01-28,54781291428,781 381 138,user220@example.com,Kasprowicza,188,,25-198,Ostróda,Wydobycie,Mechanik,Umowa o pracę,2010-09-02,-200,C,NIE,NIE,10,Nicole Mętel,668 861 957,Operator maszyn
EMP-00221,Paweł,Kumorek,1994-07-19,30848872563,+48 32 286 85 28,user221@example.com,Truskawkowa,35,,57-956,Skierniewice,Geologia,Inspektor BHP,Umowa B2B,2017-01-09,-800,C,NIE,TAK,1,pani Karina Procek,32 659 39 83,W trakcie szkolenia
EMP-00222,Juliusz,Pasierbek,1981-06-12,92827229927,+48 537 600 490,user222@example.com,Hallera,57,,18-912,Biała Podlaska,Przeróbka,Sztygar,Umowa B2B,2019-01-18,-300,A,TAK,TAK,4,Radosław Świech,695 048 889,
EMP-00223,Piotr,Nalewajek,2003-06-25,38567700518,882 245 933,user223@example.com,Tuwima,190,,39-095,Ząbki,Geologia,Geolog,Umowa na czas określony,2012-07-18,-650,C,NIE,TAK,10,Nicole Smalec,+48 881 572 791,W trakcie szkolenia
EMP-00224,Aurelia,Baumgart,1990-04-03,84638655779,530 556 613,user224@example.com,Sybiraków,113,,84-870,Łowicz,Przeróbka,Młodszy Górnik,Umowa B2B,2014-12-10,-100,B,NIE,TAK,3,Fryderyk Piórek,788 058 925,Uprawnienia SEP
EMP-00225,Franciszek,Piekacz,1986-07-17,59136517773,+48 886 799 813,user225@example.com,Zwycięstwa,166,,38-806,Ciechanów,Wentylacja,Starszy Górnik,Umowa o pracę,2013-08-19,-500,B,NIE,TAK,10,Adrian Fechner,537 908 641,Badania ważne
EMP-00226,Adrian,Roda,1982-05-21,28092024286,607 837 693,user226@example.com,Storczykowa,185,,79-754,Ostróda,Wentylacja,Starszy Górnik,Umowa na czas określony,2017-02-22,-500,A,NIE,NIE,8,Andrzej Ośka,736 591 166,Operator maszyn
EMP-00227,Mieszko,Moneta,1981-01-20,36929298425,+48 730 425 979,user227@example.com,Zacisze,59,49,57-046,Pabianice,Utrzymanie Ruchu,Starszy Górnik,Umowa o pracę,2013-02-18,-400,A,NIE,TAK,4,Mariusz Matulka,32 110 39 24,Badania ważne
EMP-00228,Kamil,Ścibisz,1966-12-29,62912799088,+48 537 053 833,user228@example.com,Azaliowa,24,,67-769,Kędzierzyn-Koźle,Administracja,Elektryk,Umowa o pracę,2021-05-29,-800,A,NIE,TAK,9,pan Mieszko Matyjasek,+48 780 698 042,Operator maszyn
EMP-00229,Jeremi,Lizoń,1968-11-06,08637659916,+48 530 164 510,user229@example.com,Grzybowa,123,,84-396,Pabianice,Transport,Kierownik Zmiany,Umowa na czas określony,2013-04-20,-200,C,TAK,TAK,4,Apolonia Sromek,575 798 123,
EMP-00230,Michał,Gajownik,1986-06-21,09818063565,728 457 620,user230@example.com,Pułaskiego,110,75,88-361,Skierniewice,Transport,Operator,Umowa na czas określony,2017-07-13,-100,B,NIE,NIE,6,Marek Dawiec,730 460 843,Badania ważne
EMP-00231,Sebastian,Malcher,1972-07-06,63688725887,+48 886 893 639,user231@example.com,Armii Krajowej,148,45,55-994,Piekary Śląskie,Utrzymanie Ruchu,Nadsztygar,Umowa o pracę,2024-10-02,-300,C,TAK,TAK,8,pani Anna Maria Dyś,692 983 248,W trakcie szkolenia
EMP-00232,Tymon,Bacia,2002-10-29,13865890260,+48 692 518 812,user232@example.com,Mieszka I,38,61,19-745,Bydgoszcz,Przeróbka,Starszy Górnik,Umowa o pracę,2017-01-26,-800,A,NIE,TAK,4,pani Anastazja Kojder,+48 534 231 220,Ratownik górniczy
EMP-00233,Cezary,Szkatuła,1996-12-10,90669849027,+48 699 393 305,user233@example.com,Boczna,52,67,89-799,Sopot,Wentylacja,Młodszy Górnik,Umowa o pracę,2020-01-24,-400,A,NIE,NIE,9,Nela Preuss,+48 727 526 772,Badania ważne
EMP-00234,Kalina,Kempny,1972-12-29,39205302146,504 633 312,user234@example.com,Andersa,104,,79-502,Szczytno,Mechaniczny,Operator,Umowa o pracę,2013-09-20,-300,D,NIE,TAK,2,pani Aniela Ciepła,+48 500 965 699,Badania ważne
EMP-00235,Piotr,Koniecko,1990-03-13,89554393769,577 703 886,user235@example.com,Wiślana,45,,06-572,Nysa,Mechaniczny,Nadsztygar,Umowa o pracę,2018-08-21,-100,C,TAK,TAK,5,Rafał Jeske,+48 536 447 264,Ratownik górniczy
EMP-00236,Eliza,Garczarek,1990-12-20,84894769735,+48 537 181 298,user236@example.com,Południowa,175,,51-424,Ostrołęka,Elektryczny,Młodszy Górnik,Umowa o pracę,2010-11-24,-800,D,NIE,TAK,2,pan Dawid Chalimoniuk,+48 693 714 521,Operator maszyn
EMP-00237,Olgierd,Konsek,1970-02-03,33565880434,+48 606 892 686,user237@example.com,Spokojna,173,,99-175,Zawiercie,Mechaniczny,Geolog,Umowa zlecenie,2021-08-12,-100,D,NIE,TAK,6,Miłosz Tywoniuk,602 064 474,Ratownik górniczy
EMP-00238,Adrian,Szeszko,1991-07-03,94237333433,509 407 778,user238@example.com,Słoneczna,159,,78-904,Brzeg,Przeróbka,Sztygar,Umowa o pracę,2011-12-08,-200,B,TAK,TAK,11,Przemysław Myk,+48 787 767 199,W trakcie szkolenia
EMP-00239,Konstanty,Boryczko,1966-09-16,90807595794,+48 738 302 205,user239@example.com,Kościuszki,196,66,19-875,Lublin,Geologia,Mechanik,Umowa zlecenie,2024-07-04,-400,B,NIE,NIE,3,Kornel Malcher,511 622 499,
EMP-00240,Agnieszka,Breś,1989-05-03,67808562718,+48 695 014 556,user240@example.com,Wiejska,177,,98-438,Żywiec,Wentylacja,Elektryk,Umowa na czas określony,2019-03-31,-400,C,NIE,NIE,2,Aleks Gilewicz,601 458 683,Ratownik górniczy
EMP-00241,Dominik,Szałata,1994-04-12,94284347955,+48 888 179 469,user241@example.com,Mieszka I,109,27,34-539,Łuków,BHP,Kierownik Zmiany,Umowa B2B,2020-01-24,-200,D,TAK,TAK,5,pani Inga Zbrożek,+48 578 772 934,Operator maszyn
EMP-00242,Szymon,Bobko,2005-08-12,92931438663,+48 731 396 605,user242@example.com,Harcerska,122,,72-826,Marki,Geologia,Starszy Górnik,Umowa na czas określony,2010-01-10,-200,B,NIE,TAK,11,Mateusz Działa,694 414 488,Badania ważne
EMP-00243,Józef,Lica,1979-05-27,57448906120,+48 509 902 355,user243@example.com,Tylna,122,13,62-939,Chrzanów,BHP,Elektryk,Umowa B2B,2010-02-06,-200,C,NIE,TAK,6,Łukasz Szymańczak,607 857 608,Badania ważne
EMP-00244,Jędrzej,Dziób,1978-06-02,45061593998,+48 660 395 512,user244@example.com,Leszczynowa,91,42,04-348,Dębica,Elektryczny,Elektryk,Umowa o pracę,2021-12-03,-200,C,NIE,TAK,10,Anita Szkatuła,+48 502 914 504,Ratownik górniczy
EMP-00245,Marek,Dzieża,1982-12-31,22569961125,+48 534 384 215,user245@example.com,Maja,82,38,26-936,Ruda Śląska,Administracja,Mechanik,Umowa na czas określony,2018-03-05,-200,C,NIE,TAK,8,pan Tadeusz Sass,603 578 452,Ratownik górniczy
EMP-00246,Eliza,Berendt,1997-03-23,98762202341,603 076 810,user246@example.com,Kamienna,102,,06-704,Giżycko,Przeróbka,Operator,Umowa na czas określony,2011-08-14,-200,B,NIE,TAK,1,Józef Tekieli,511 840 943,
EMP-00247,Jacek,Dunal,1979-04-13,81149216433,797 142 241,user247@example.com,Brzozowa,114,,80-574,Lębork,Mechaniczny,Kierownik Oddziału,Umowa zlecenie,2013-03-02,-650,C,TAK,TAK,1,Gabriel Swiątek,888 542 493,W trakcie szkolenia
EMP-00248,Natan,Czerner,1973-04-18,57784872829,+48 530 207 016,user248@example.com,Nowa,162,73,12-437,Ciechanów,Mechaniczny,Kierownik Zmiany,Umowa B2B,2015-02-14,-500,D,TAK,TAK,8,Gaja Glica,+48 697 954 538,Badania ważne
EMP-00249,Roksana,Adamiuk,1969-08-02,17456424008,601 717 477,user249@example.com,Pocztowa,89,37,29-148,Turek,Mechaniczny,Sztygar,Umowa o pracę,2025-03-05,-800,B,TAK,TAK,8,Dariusz Kołaczyk,665 577 017,Ratownik górniczy
EMP-00250,Alan,Sochaj,1970-12-17,64930853686,32 599 28 16,user250@example.com,Grottgera,42,50,14-334,Oława,Wentylacja,Górnik,Umowa B2B,2017-11-14,-400,B,NIE,TAK,7,Emil Chlebda,+48 536 963 938,W trakcie szkolenia
EMP-00251,Wiktor,Ignatiuk,1972-10-21,89448463122,699 669 583,user251@example.com,Krzywa,164,59,85-686,Zabrze,Transport,Sztygar,Umowa na czas określony,2017-12-07,-300,A,TAK,TAK,6,pan Gustaw Zbrzeźniak,+48 535 817 246,
EMP-00252,Gaja,Miros,1969-03-24,08021442703,22 657 01 32,user252@example.com,Skośna,4,,97-652,Warszawa,BHP,Starszy Górnik,Umowa na czas określony,2011-10-16,-100,B,NIE,TAK,8,Krystian Hadam,+48 664 699 733,Ratownik górniczy
EMP-00253,Nicole,Koloch,1993-09-14,05120461872,+48 784 651 909,user253@example.com,Waryńskiego,98,,52-868,Zielona Góra,Wentylacja,Mechanik,Umowa na czas określony,2015-03-17,-200,C,NIE,TAK,4,Stanisław Rudowicz,+48 660 085 140,W trakcie szkolenia
EMP-00254,Kamila,Miozga,1975-11-08,37183764520,796 666 832,user254@example.com,Krańcowa,65,62,18-193,Oława,Wentylacja,Górnik,Umowa B2B,2021-07-19,-650,A,NIE,TAK,11,Olgierd Merda,+48 512 422 010,Uprawnienia SEP
EMP-00255,Justyna,Nabiałek,1972-03-15,36502491630,532 679 692,user255@example.com,Brzoskwiniowa,177,,66-435,Zgorzelec,BHP,Młodszy Górnik,Umowa o pracę,2024-07-20,-100,D,NIE,TAK,3,pan Kajetan Walenciak,666 909 738,Operator maszyn
EMP-00256,Aurelia,Banyś,1977-03-19,95005281273,510 975 197,user256@example.com,Magnoliowa,113,,11-146,Kościerzyna,Geologia,Młodszy Górnik,Umowa B2B,2025-03-27,-300,C,NIE,TAK,5,Roksana Kacperczyk,538 913 718,
EMP-00257,Mikołaj,Kaszkowiak,1998-05-15,78487392855,+48 660 778 795,user257@example.com,Willowa,71,,46-984,Pruszków,Przeróbka,Mechanik,Umowa zlecenie,2015-02-20,-650,D,NIE,TAK,5,Leon Myszak,+48 799 494 079,Ratownik górniczy
EMP-00258,Aleks,Krzeszowiec,1973-03-17,57086209593,+48 889 047 128,user258@example.com,Konopnickiej,169,69,36-259,Włocławek,Wentylacja,Elektryk,Umowa na czas określony,2010-11-07,-300,A,NIE,TAK,3,Jacek Tonder,730 192 927,Badania ważne
EMP-00259,Marek,Jany,1981-03-27,56511810220,668 051 292,user259@example.com,Strumykowa,125,,97-423,Reda,Wydobycie,Nadsztygar,Umowa na czas określony,2012-11-19,-200,A,TAK,TAK,9,Marek Zuziak,+48 532 395 041,Badania ważne
EMP-00260,Lidia,Bok,1968-07-18,94053910371,+48 578 366 742,user260@example.com,Daszyńskiego,93,72,56-013,Świdnica,BHP,Operator,Umowa o pracę,2017-08-18,-400,A,NIE,NIE,5,pan Natan Mazan,+48 600 185 694,Badania ważne
EMP-00261,Oskar,Micał,1979-11-04,14138113863,+48 739 673 938,user261@example.com,Władysława Jagiełły,146,23,87-707,Piotrków Trybunalski,Przeróbka,Górnik,Umowa B2B,2014-05-24,-200,B,NIE,TAK,12,pani Melania Wicha,22 106 18 17,W trakcie szkolenia
EMP-00262,Iwo,Twardzik,1980-07-03,12286852897,510 910 939,user262@example.com,Konarskiego,141,42,16-726,Opole,Geologia,Kierownik Oddziału,Umowa na czas określony,2021-12-04,-300,C,TAK,TAK,10,Adrian Kulczak,+48 789 212 447,Uprawnienia SEP
EMP-00263,Agnieszka,Klimko,1992-11-11,83684577600,32 654 21 40,user263@example.com,Jagiellońska,133,18,50-341,Toruń,Wydobycie,Inspektor BHP,Umowa B2B,2011-03-31,-300,A,NIE,TAK,4,Błażej Latoszek,+48 531 739 627,Ratownik górniczy
EMP-00264,Kornelia,Owsiak,1970-10-13,48889921075,+48 721 741 011,user264@example.com,Handlowa,68,,94-257,Łaziska Górne,Wentylacja,Górnik,Umowa B2B,2018-11-22,-200,B,NIE,TAK,2,pan Witold Naglik,+48 730 064 256,Badania ważne
EMP-00265,Marika,Wajer,1989-06-06,93157279194,+48 516 183 067,user265@example.com,Prusa,21,8,73-549,Tarnobrzeg,BHP,Kierownik Oddziału,Umowa na czas określony,2018-06-23,-100,D,TAK,TAK,2,pani Marika Stypuła,+48 731 585 174,Uprawnienia SEP
EMP-00266,Maciej,Biernacik,1992-05-10,90604805892,+48 783 461 571,user266@example.com,Powstańców,40,7,57-753,Inowrocław,Elektryczny,Operator,Umowa o pracę,2012-11-26,-300,B,NIE,TAK,7,Piotr Twardzik,509 376 184,Ratownik górniczy
EMP-00267,Aniela,Szybiak,1986-06-07,22517908641,515 050 613,user267@example.com,Miłosza,199,,86-536,Knurów,Elektryczny,Kierownik Oddziału,Umowa zlecenie,2025-11-13,-400,D,TAK,TAK,7,Elżbieta Starzak,530 270 790,W trakcie szkolenia
EMP-00268,Bartek,Jarczak,1976-02-25,38983314659,+48 730 417 929,user268@example.com,Wiśniowa,172,53,14-117,Olkusz,BHP,Inspektor BHP,Umowa B2B,2020-09-01,-100,A,NIE,TAK,6,Wiktor Ślipek,696 565 198,Ratownik górniczy
EMP-00269,Bruno,Melcer,1971-12-09,04259792703,519 251 142,user269@example.com,Solidarnosci,40,,54-173,Sandomierz,Wydobycie,Inspektor BHP,Umowa zlecenie,2023-10-03,-200,C,NIE,NIE,3,pani Nela Pabis,+48 690 219 620,Ratownik górniczy
EMP-00270,Jan,Filus,2001-08-18,51477053833,539 467 232,user270@example.com,Szczęśliwa,141,,35-536,Jarosław,Wydobycie,Górnik,Umowa na czas określony,2011-04-30,-500,C,NIE,NIE,11,Tadeusz Zachwieja,+48 720 927 914,Badania ważne
EMP-00271,Marek,Wojtyś,1980-05-11,42043940701,578 195 883,user271@example.com,Szymanowskiego,170,,99-642,Biłgoraj,Wydobycie,Górnik,Umowa B2B,2010-01-28,-400,C,NIE,TAK,4,Jacek Lizoń,691 277 220,Operator maszyn
EMP-00272,Nikodem,Sadownik,1968-08-09,15798123878,735 970 108,user272@example.com,Dolna,11,32,21-805,Bydgoszcz,BHP,Elektryk,Umowa na czas określony,2015-12-28,-650,A,NIE,TAK,12,pan Piotr Baś,727 995 635,Uprawnienia SEP
EMP-00273,Olaf,Karalus,1975-08-25,55543840460,726 363 179,user273@example.com,Wybickiego,58,20,07-912,Oświęcim,Geologia,Górnik,Umowa zlecenie,2011-10-24,-500,C,NIE,TAK,12,Przemysław Sarniak,+48 532 652 735,Operator maszyn
EMP-00274,Hubert,Płaneta,2005-06-19,93639264957,+48 799 042 177,user274@example.com,Środkowa,53,,22-779,Puławy,Utrzymanie Ruchu,Elektryk,Umowa B2B,2013-04-29,-500,B,NIE,TAK,3,Gustaw Halik,669 298 316,Operator maszyn
EMP-00275,Przemysław,Kolendo,2000-09-21,92518812520,+48 577 406 335,user275@example.com,Fredry,106,53,75-228,Luboń,Elektryczny,Starszy Górnik,Umowa B2B,2018-01-17,-800,C,NIE,TAK,4,Anita Prejs,506 007 806,
EMP-00276,Oskar,Pikor,1987-09-09,20994999393,+48 573 180 632,user276@example.com,Władysława Łokietka,92,11,38-245,Kętrzyn,Utrzymanie Ruchu,Starszy Górnik,Umowa na czas określony,2017-11-18,-200,A,NIE,TAK,3,Kacper Domoń,+48 784 279 907,Operator maszyn
EMP-00277,Olga,Bareja,1984-12-29,72233060463,+48 32 570 16 58,user277@example.com,Sportowa,194,,38-437,Ostrów Mazowiecka,Utrzymanie Ruchu,Mechanik,Umowa na czas określony,2012-04-12,-650,B,NIE,NIE,8,Rozalia Dylik,+48 32 319 50 85,W trakcie szkolenia
EMP-00278,Dariusz,Osial,2001-12-18,73660965699,+48 720 552 818,user278@example.com,Sarnia,134,14,27-142,Zawiercie,Elektryczny,Kierownik Zmiany,Umowa o pracę,2011-10-29,-500,A,TAK,TAK,9,Rozalia Herda,+48 737 933 554,Badania ważne
EMP-00279,Mikołaj,Burchardt,1986-08-03,08680347644,885 778 817,user279@example.com,Sarnia,109,,69-695,Nowy Targ,Mechaniczny,Kierownik Oddziału,Umowa zlecenie,2016-12-15,-400,B,TAK,TAK,11,Aniela Namysł,881 371 162,Operator maszyn
EMP-00280,Dominik,Ciereszko,1977-12-24,81298266570,731 272 380,user280@example.com,Krasickiego,152,26,54-993,Pszczyna,Przeróbka,Młodszy Górnik,Umowa B2B,2025-09-24,-200,D,NIE,TAK,12,Lidia Wysota,+48 517 043 103,W trakcie szkolenia
EMP-00281,Józef,Giersz,1999-11-04,21117518689,+48 695 579 887,user281@example.com,Gałczynskiego,141,,39-581,Włocławek,Utrzymanie Ruchu,Operator,Umowa B2B,2018-07-18,-200,D,NIE,NIE,11,Alan Imiela,733 754 025,Uprawnienia SEP
EMP-00282,Miłosz,Lukas,1977-10-26,22064474212,+48 664 222 231,user282@example.com,Cicha,160,,41-589,Zielona Góra,Elektryczny,Starszy Górnik,Umowa na czas określony,2025-09-22,-200,A,NIE,TAK,9,pan Daniel Szłapka,698 055 257,
EMP-00283,Emil,Bulczak,1988-01-15,73397767199,506 727 520,user283@example.com,Koralowa,141,,70-520,Starachowice,Wydobycie,Inspektor BHP,Umowa zlecenie,2012-09-03,-100,B,NIE,TAK,1,Lidia Szumna,789 297 517,W trakcie szkolenia
EMP-00284,Bianka,Forysiak,2002-06-14,02099451016,780 693 751,user284@example.com,Żurawia,173,,08-623,Nowy Dwór Mazowiecki,Elektryczny,Kierownik Zmiany,Umowa B2B,2012-04-17,-200,B,TAK,TAK,2,Janina Daraż,724 301 871,Ratownik górniczy
EMP-00285,Marika,Pianka,2005-06-24,56168147214,+48 729 805 626,user285@example.com,Poniatowskiego,135,,50-382,Wrocław,Administracja,Kierownik Zmiany,Umowa o pracę,2016-06-26,-300,D,TAK,TAK,10,Mieszko Wojtaszczyk,787 813 767,W trakcie szkolenia
EMP-00286,Kaja,Klus,1977-12-27,81794695489,+48 512 991 234,user286@example.com,Krańcowa,34,79,68-344,Kielce,Mechaniczny,Geolog,Umowa na czas określony,2023-04-01,-500,C,NIE,TAK,3,Dawid Wawszczak,+48 514 628 792,Badania ważne
EMP-00287,Aleks,Dumała,1974-06-01,43010713966,+48 570 494 787,user287@example.com,Matejki,90,,04-811,Warszawa,Wydobycie,Sztygar,Umowa zlecenie,2023-09-08,-100,C,TAK,TAK,5,Błażej Morka,+48 737 146 273,
EMP-00288,Anastazja,Świątkiewicz,1967-08-01,48850155699,+48 725 979 647,user288@example.com,Sawickiej,50,43,16-383,Lębork,Elektryczny,Nadsztygar,Umowa na czas określony,2022-07-29,-100,B,TAK,TAK,11,Robert Parada,+48 690 257 252,Uprawnienia SEP
EMP-00289,Maurycy,Wejman,1968-07-23,27857608495,784 818 321,user289@example.com,Górska,54,74,97-172,Myszków,BHP,Mechanik,Umowa o pracę,2015-12-10,-500,A,NIE,TAK,5,pani Gaja Szylar,+48 784 451 895,
EMP-00290,Eliza,Hornik,1999-05-18,68299629145,887 652 132,user290@example.com,Cegielniana,70,,29-852,Inowrocław,Elektryczny,Kierownik Zmiany,Umowa zlecenie,2010-03-19,-650,A,TAK,TAK,8,Urszula Kudłacik,531 207 545,Ratownik górniczy
EMP-00291,Gaja,Sznura,1972-01-02,84215031780,32 524 01 32,user291@example.com,Sawickiej,129,,19-705,Głogów,BHP,Sztygar,Umowa na czas określony,2017-04-08,-800,D,TAK,TAK,5,Hubert Szela,601 611 076,Ratownik górniczy
EMP-00292,Ida,Apanowicz,1968-02-23,18230768104,517 140 140,user292@example.com,Okulickiego,86,,13-802,Wałbrzych,Przeróbka,Starszy Górnik,Umowa B2B,2011-10-10,-100,A,NIE,TAK,10,Julianna Pagacz,665 012 495,Ratownik górniczy
EMP-00293,Tadeusz,Wiertel,1980-07-13,35334485714,+48 691 190 833,user293@example.com,Traugutta,71,,22-924,Polkowice,Administracja,Geolog,Umowa o pracę,2024-01-23,-200,B,NIE,TAK,9,Oskar Połom,+48 607 592 712,Ratownik górniczy
EMP-00294,Kaja,Okraska,1999-11-01,54249321495,+48 603 615 171,user294@example.com,Lubelska,13,,18-508,Zambrów,Elektryczny,Elektryk,Umowa o pracę,2026-02-19,-500,D,NIE,TAK,7,pani Liwia Stefankiewicz,511 571 647,
EMP-00295,Sara,Twardosz,1990-06-17,66299795453,+48 666 463 175,user295@example.com,Podgórna,194,,02-691,Oleśnica,Przeróbka,Młodszy Górnik,Umowa na czas określony,2015-02-17,-650,A,NIE,TAK,8,Ewa Liedtke,+48 601 126 691,Ratownik górniczy
EMP-00296,Alan,Bobak,1996-02-07,77332945625,883 539 613,user296@example.com,Zdrojowa,117,,93-512,Tczew,Przeróbka,Geolog,Umowa na czas określony,2024-09-03,-800,C,NIE,TAK,6,Blanka Flieger,+48 579 678 427,Operator maszyn
EMP-00297,Sonia,Mitek,1970-10-07,24599281615,+48 732 010 170,user297@example.com,Podgórna,78,69,49-620,Jarocin,Geologia,Mechanik,Umowa na czas określony,2014-02-14,-500,A,NIE,TAK,10,pani Roksana Dankiewicz,+48 721 187 734,Uprawnienia SEP
EMP-00298,Robert,Sydor,1992-12-05,27615396695,798 800 616,user298@example.com,Błękitna,45,10,41-874,Dębica,Przeróbka,Elektryk,Umowa na czas określony,2018-01-23,-500,B,NIE,TAK,9,pan Kacper Figat,668 427 624,
EMP-00299,Kamil,Iskierka,1995-01-27,24619196570,+48 787 889 778,user299@example.com,Jasna,36,,65-058,Ciechanów,Utrzymanie Ruchu,Mechanik,Umowa zlecenie,2018-01-06,-100,B,NIE,TAK,9,Anastazja Mosur,+48 509 545 009,Ratownik górniczy
EMP-00300,Nataniel,Jośko,1968-04-01,99733549465,+48 889 056 165,user300@example.com,Kraszewskiego,157,66,53-360,Sosnowiec,Utrzymanie Ruchu,Kierownik Oddziału,Umowa B2B,2023-10-06,-100,A,TAK,TAK,6,Witold Kiljan,+48 734 911 415,Badania ważne
EMP-00301,Piotr,Kubasiewicz,1973-03-27,08514036965,+48 786 986 407,user301@example.com,Nowowiejska,104,49,03-325,Dębica,Mechaniczny,Górnik,Umowa zlecenie,2018-11-08,-650,D,NIE,TAK,8,Kazimierz Dorobek,577 135 785,Uprawnienia SEP
EMP-00302,Justyna,Danisz,1973-02-09,86562422010,+48 571 834 404,user302@example.com,Krokusowa,169,,52-824,Suwałki,Przeróbka,Sztygar,Umowa zlecenie,2014-12-04,-200,D,TAK,TAK,8,Elżbieta Grzelczyk,+48 695 419 876,W trakcie szkolenia
EMP-00303,Emil,Andrejczuk,1974-11-01,69278687653,+48 32 468 53 66,user303@example.com,Wyspiańskiego,155,1,80-528,Sanok,Wentylacja,Inspektor BHP,Umowa B2B,2023-01-31,-200,D,NIE,TAK,9,Kacper Siewiera,+48 798 297 374,Badania ważne
EMP-00304,Justyna,Matwiejczyk,2003-12-06,00975197128,+48 880 835 723,user304@example.com,Kochanowskiego,120,,96-702,Zambrów,Mechaniczny,Kierownik Zmiany,Umowa o pracę,2018-10-05,-800,C,TAK,TAK,8,Justyna Siudek,791 364 424,W trakcie szkolenia
EMP-00305,Tadeusz,Herda,1993-12-01,18949058077,603 034 778,user305@example.com,Letniskowa,147,43,55-663,Katowice,BHP,Operator,Umowa B2B,2013-11-19,-500,D,NIE,TAK,3,Damian Wakuła,600 448 207,
EMP-00306,Karol,Górkiewicz,1997-09-25,94940792904,+48 724 165 162,user306@example.com,Dąbrowskiego,74,,15-585,Świebodzice,Utrzymanie Ruchu,Operator,Umowa o pracę,2010-11-29,-800,A,NIE,TAK,5,Angelika Leszczak,22 984 71 39,Uprawnienia SEP
EMP-00307,Kornel,Ogrodowicz,1971-05-03,44401929275,+48 696 363 212,user307@example.com,Poziomkowa,67,31,36-451,Sieradz,Utrzymanie Ruchu,Inspektor BHP,Umowa o pracę,2023-04-07,-800,B,NIE,TAK,2,Julianna Wołczyk,+48 578 515 867,Uprawnienia SEP
EMP-00308,Tymon,Sip,1993-10-02,27663723950,+48 575 409 003,user308@example.com,Mostowa,194,,71-394,Piekary Śląskie,Utrzymanie Ruchu,Inspektor BHP,Umowa na czas określony,2025-11-03,-650,C,NIE,TAK,8,pani Anna Maria Maślach,727 606 441,Ratownik górniczy
EMP-00309,Radosław,Kuświk,2003-11-24,83667428604,+48 22 275 60 41,user309@example.com,Kielecka,98,,63-483,Świebodzice,Przeróbka,Mechanik,Umowa B2B,2022-06-11,-800,D,NIE,TAK,10,Józef Leżoń,+48 511 248 156,W trakcie szkolenia
EMP-00310,Arkadiusz,Groń,1990-07-12,54414967393,+48 790 027 206,user310@example.com,Orzechowa,174,24,81-313,Racibórz,Mechaniczny,Nadsztygar,Umowa o pracę,2023-05-18,-500,C,TAK,TAK,2,Kamil Boruc,728 296 577,
EMP-00311,Tymoteusz,Bugno,2001-05-20,18175344300,+48 695 431 652,user311@example.com,Olchowa,15,,49-968,Ząbki,Administracja,Kierownik Oddziału,Umowa o pracę,2012-03-12,-500,A,TAK,TAK,2,Michał Matulewicz,+48 669 317 342,Badania ważne
EMP-00312,Robert,Litwiniuk,1968-06-08,69212447174,535 291 086,user312@example.com,Pszenna,178,42,59-848,Wałcz,Utrzymanie Ruchu,Starszy Górnik,Umowa o pracę,2020-02-29,-800,D,NIE,TAK,1,pan Kamil Feliniak,693 447 626,Operator maszyn
EMP-00313,Ryszard,Hajdasz,2000-09-12,50442717396,+48 783 626 204,user313@example.com,Poznańska,28,19,31-633,Jarosław,Wentylacja,Kierownik Oddziału,Umowa o pracę,2019-11-14,-200,D,TAK,TAK,12,Leonard Sadowy,+48 787 107 256,Ratownik górniczy
EMP-00314,Kaja,Lipok,1993-12-01,01194707200,+48 724 118 005,user314@example.com,Dąbrowskiego,69,20,61-931,Skierniewice,Geologia,Młodszy Górnik,Umowa o pracę,2021-09-24,-650,D,NIE,TAK,12,Jan Suchta,+48 609 646 528,Operator maszyn
EMP-00315,Alan,Makoś,1968-02-02,66183067198,+48 575 721 586,user315@example.com,Reymonta,175,39,34-120,Racibórz,Wydobycie,Mechanik,Umowa o pracę,2012-12-13,-300,C,NIE,TAK,9,Hubert Czubaj,+48 22 456 44 94,Ratownik górniczy
EMP-00316,Leon,Piotrowiak,1987-02-14,74328063461,+48 887 287 032,user316@example.com,Nowa,125,11,30-188,Katowice,Wentylacja,Młodszy Górnik,Umowa zlecenie,2017-03-02,-650,C,NIE,TAK,4,pan Maksymilian Zegadło,+48 536 170 758,
EMP-00317,Tymon,Topa,1985-11-07,93761847870,881 342 284,user317@example.com,Wilcza,15,,85-600,Gniezno,Geologia,Operator,Umowa o pracę,2018-02-08,-100,C,NIE,TAK,11,Anna Maria Łabaj,+48 692 613 715,W trakcie szkolenia
EMP-00318,Marcel,Nieszporek,1967-06-26,78293102707,889 152 017,user318@example.com,Lotnicza,63,,85-492,Sanok,Utrzymanie Ruchu,Elektryk,Umowa o pracę,2021-03-15,-500,A,NIE,TAK,2,Gaja Pieczarka,505 097 592,Operator maszyn
EMP-00319,Ryszard,Wężyk,1974-11-25,29111799313,+48 32 018 96 16,user319@example.com,Broniewskiego,189,52,23-246,Reda,Przeróbka,Inspektor BHP,Umowa zlecenie,2010-10-20,-400,C,NIE,TAK,4,Dawid Legutko,+48 22 326 64 21,
EMP-00320,Fabian,Woszczak,1978-05-21,25114262582,+48 722 515 837,user320@example.com,Orla,149,,50-488,Żory,Przeróbka,Inspektor BHP,Umowa na czas określony,2023-03-05,-400,B,NIE,TAK,1,Tomasz Golisz,+48 515 926 610,Operator maszyn
EMP-00321,Artur,Sołoducha,1986-12-23,00219467232,+48 782 788 147,user321@example.com,Letniskowa,134,58,11-929,Sopot,Wentylacja,Młodszy Górnik,Umowa zlecenie,2026-01-02,-650,C,NIE,NIE,12,Krystian Radko,+48 784 386 490,
EMP-00322,Ida,Froń,1988-06-26,27914560833,+48 606 617 945,user322@example.com,Broniewskiego,159,,75-084,Płońsk,Elektryczny,Inspektor BHP,Umowa zlecenie,2025-01-31,-100,A,NIE,TAK,1,Oliwier Cyrulik,+48 787 226 016,Uprawnienia SEP
EMP-00323,Julianna,Gałach,2001-07-07,27722005436,+48 537 945 232,user323@example.com,Boczna,158,,96-619,Kędzierzyn-Koźle,Przeróbka,Młodszy Górnik,Umowa o pracę,2014-11-23,-300,C,NIE,TAK,3,Justyna Kopytko,500 610 277,Uprawnienia SEP
EMP-00324,Ada,Świerkosz,1994-02-12,78113799563,+48 729 564 122,user324@example.com,Brzozowa,59,15,25-115,Poznań,Wentylacja,Górnik,Umowa o pracę,2024-04-14,-650,C,NIE,TAK,12,Szymon Oślizło,+48 572 368 314,Operator maszyn
EMP-00325,Kaja,Linek,1997-03-26,63179706239,572 277 707,user325@example.com,Chmielna,100,,32-207,Pruszków,Elektryczny,Sztygar,Umowa zlecenie,2012-06-08,-400,B,TAK,TAK,5,Mikołaj Miotke,501 667 998,Uprawnienia SEP
EMP-00326,Blanka,Niemira,2006-05-28,20904217762,+48 609 973 080,user326@example.com,Zielna,57,,74-324,Zgorzelec,Administracja,Kierownik Zmiany,Umowa zlecenie,2010-08-11,-800,C,TAK,NIE,9,Cezary Siwka,+48 736 717 957,Uprawnienia SEP
EMP-00327,Stefan,Łaskawiec,1994-05-06,68739774063,697 573 839,user327@example.com,Szewska,112,,44-944,Łowicz,Administracja,Młodszy Górnik,Umowa zlecenie,2010-05-05,-200,C,NIE,NIE,1,pan Tymon Maślankiewicz,+48 796 657 293,Operator maszyn
EMP-00328,Karina,Banachowicz,1977-09-28,07806867177,663 297 167,user328@example.com,Żwirowa,143,2,31-215,Oława,Wentylacja,Górnik,Umowa zlecenie,2022-04-28,-200,A,NIE,TAK,5,Kacper Pałyga,735 228 015,Uprawnienia SEP
EMP-00329,Ignacy,Kordys,1983-09-02,10742799077,727 455 084,user329@example.com,Kochanowskiego,181,,89-895,Lębork,BHP,Geolog,Umowa na czas określony,2020-02-27,-800,B,NIE,TAK,11,Franciszek Mila,+48 32 711 99 18,
EMP-00330,Ignacy,Zgoła,1968-02-15,58046498931,695 247 871,user330@example.com,Armii Krajowej,189,8,83-373,Zawiercie,Wydobycie,Kierownik Oddziału,Umowa o pracę,2011-09-26,-500,C,TAK,TAK,6,Marcel Worach,697 603 754,Operator maszyn
EMP-00331,Mariusz,Klorek,1986-08-24,05528183253,32 653 28 63,user331@example.com,Malinowa,167,,55-424,Sieradz,Wentylacja,Inspektor BHP,Umowa B2B,2011-05-27,-500,A,NIE,TAK,5,pan Bartek Bartuś,600 811 556,Badania ważne
EMP-00332,Stanisław,Gendek,2005-09-21,64015577881,32 029 08 46,user332@example.com,Starowiejska,116,80,88-718,Zgorzelec,Przeróbka,Geolog,Umowa zlecenie,2012-09-13,-400,C,NIE,TAK,2,Jędrzej Basista,504 892 673,
EMP-00333,Sara,Brachaczek,2001-12-12,24112412723,886 341 085,user333@example.com,Jana III Sobieskiego,76,,93-737,Koło,Elektryczny,Kierownik Oddziału,Umowa B2B,2020-04-07,-500,A,TAK,TAK,8,Angelika Sommerfeld,783 188 485,W trakcie szkolenia
EMP-00334,Antoni,Kolman,1996-09-22,04310385695,+48 32 894 34 68,user334@example.com,Górna,125,76,94-062,Rumia,Elektryczny,Geolog,Umowa B2B,2012-08-19,-650,C,NIE,NIE,3,Dorota Świstek,570 174 907,Ratownik górniczy
EMP-00335,Elżbieta,Pera,1980-01-02,43754025472,+48 798 935 449,user335@example.com,Tylna,183,69,18-732,Dębica,Utrzymanie Ruchu,Starszy Górnik,Umowa zlecenie,2013-11-19,-500,B,NIE,TAK,3,Paweł Dworniczak,+48 609 357 126,Uprawnienia SEP
EMP-00336,Stanisław,Ellwart,1999-08-01,05927452380,607 371 586,user336@example.com,Nowowiejska,89,19,72-532,Środa Wielkopolska,Elektryczny,Młodszy Górnik,Umowa zlecenie,2011-05-08,-650,C,NIE,TAK,5,Błażej Stawczyk,+48 576 776 228,
EMP-00337,Adrian,Stochel,1971-07-13,67275208854,+48 608 137 702,user337@example.com,Kusocińskiego,194,,48-944,Opole,Administracja,Górnik,Umowa na czas określony,2021-09-11,-400,C,NIE,TAK,12,Kamil Łapacz,889 408 215,
EMP-00338,Gustaw,Sędek,1978-08-22,70281406937,502 296 044,user338@example.com,Konwaliowa,84,,24-839,Koło,Administracja,Operator,Umowa zlecenie,2016-02-28,-300,A,NIE,TAK,4,pan Stanisław Łasica,881 067 949,
EMP-00339,Albert,Buchalik,1984-07-16,87186375998,22 922 87 77,user339@example.com,Okrężna,102,19,94-334,Bielsko-Biała,BHP,Młodszy Górnik,Umowa na czas określony,2015-07-22,-100,C,NIE,TAK,1,Tobiasz Warchał,+48 505 807 412,Ratownik górniczy
EMP-00340,Fabian,Zubowicz,1994-09-25,54781376742,+48 731 813 989,user340@example.com,Solidarnosci,187,,07-981,Mława,Administracja,Kierownik Zmiany,Umowa o pracę,2019-05-29,-800,D,TAK,TAK,4,Lidia Huszcza,501 820 433,Ratownik górniczy
EMP-00341,Elżbieta,Kuska,1999-08-19,85196106462,538 956 907,user341@example.com,Kościelna,182,,44-448,Piotrków Trybunalski,Wentylacja,Mechanik,Umowa zlecenie,2023-10-18,-500,D,NIE,TAK,5,Szymon Magryta,+48 605 641 118,Badania ważne
EMP-00342,Juliusz,Ulrych,1973-03-03,04947873002,532 462 095,user342@example.com,Kreta,164,,04-731,Sosnowiec,Transport,Mechanik,Umowa na czas określony,2012-05-15,-300,C,NIE,TAK,8,Tobiasz Hajda,792 654 610,W trakcie szkolenia
EMP-00343,Julianna,Gumieniak,1974-07-19,30147195979,+48 578 861 405,user343@example.com,Szymanowskiego,161,,71-417,Kielce,BHP,Geolog,Umowa o pracę,2022-05-15,-400,C,NIE,TAK,3,pan Gabriel Dylak,720 489 138,Badania ważne
EMP-00344,Nicole,Mizgała,1992-07-04,25725204565,+48 531 832 582,user344@example.com,Gajowa,75,,69-976,Świdnik,Mechaniczny,Górnik,Umowa zlecenie,2012-01-25,-100,C,NIE,TAK,2,pan Jakub Jamrożek,+48 539 420 074,Badania ważne
EMP-00345,Fryderyk,Wojtaszczyk,1990-05-11,85544518952,22 398 40 28,user345@example.com,Wilcza,133,37,09-308,Bielsko-Biała,Elektryczny,Starszy Górnik,Umowa na czas określony,2023-10-21,-100,B,NIE,TAK,3,Marcel Borzych,608 463 985,
EMP-00346,Robert,Żołądkiewicz,2001-10-20,28338988816,+48 797 435 537,user346@example.com,Górska,30,,43-017,Białogard,Elektryczny,Sztygar,Umowa B2B,2025-07-19,-400,A,TAK,TAK,12,Jakub Heleniak,+48 570 026 876,Ratownik górniczy
EMP-00347,Igor,Głuszko,1987-12-21,79852401322,507 156 956,user347@example.com,Dolna,79,,99-832,Sandomierz,Utrzymanie Ruchu,Starszy Górnik,Umowa o pracę,2022-12-12,-650,B,NIE,TAK,12,Marcel Bociek,883 703 045,
EMP-00348,Emil,Pietrewicz,1974-02-07,07603108907,+48 793 375 047,user348@example.com,Kolorowa,12,9,91-621,Ostrowiec Świętokrzyski,Wydobycie,Młodszy Górnik,Umowa o pracę,2023-06-04,-100,C,NIE,TAK,10,Konrad Drobot,+48 736 149 872,Uprawnienia SEP
EMP-00349,Sylwia,Kretek,1988-07-07,32501249552,+48 789 921 921,user349@example.com,Osiedlowa,130,,34-956,Mława,Przeróbka,Inspektor BHP,Umowa o pracę,2020-11-06,-800,B,NIE,TAK,4,Angelika Sarosiek,+48 32 430 89 48,W trakcie szkolenia
EMP-00350,Marianna,Zdancewicz,2001-10-08,42801387592,+48 780 566 418,user350@example.com,Jeżynowa,47,46,64-371,Czechowice-Dziedzice,Geologia,Sztygar,Umowa zlecenie,2010-01-12,-400,A,TAK,TAK,4,Artur Kałek,736 875 063,Operator maszyn
EMP-00351,Szymon,Wojniak,1979-11-01,51718275480,726 133 254,user351@example.com,Wiśniowa,127,15,81-641,Rybnik,Transport,Młodszy Górnik,Umowa na czas określony,2024-06-21,-100,C,NIE,NIE,12,Malwina Baster,+48 32 095 43 17,Ratownik górniczy
EMP-00352,Mikołaj,Swacha,1975-12-24,73864631752,798 319 971,user352@example.com,Słonecznikowa,173,14,58-593,Wałbrzych,Elektryczny,Geolog,Umowa o pracę,2015-08-09,-100,D,NIE,TAK,3,Stanisław Kuciel,+48 505 120 704,Operator maszyn
EMP-00353,Paweł,Kuban,1990-11-15,91215353961,518 046 619,user353@example.com,Odrzańska,186,64,53-239,Grodzisk Mazowiecki,Administracja,Kierownik Oddziału,Umowa B2B,2017-02-06,-200,D,TAK,TAK,6,Agnieszka Cylwik,+48 536 991 507,Operator maszyn
EMP-00354,Dominik,Jędrusiak,1987-02-18,96784271147,509 193 928,user354@example.com,Tuwima,161,,46-432,Sochaczew,Przeróbka,Geolog,Umowa o pracę,2019-09-01,-400,B,NIE,TAK,8,pan Marcel Matla,+48 32 002 49 68,W trakcie szkolenia
EMP-00355,Fabian,Han,2004-10-31,26952499118,+48 662 274 954,user355@example.com,Niepodległości,120,26,02-531,Bochnia,Elektryczny,Górnik,Umowa na czas określony,2022-05-28,-800,D,NIE,TAK,5,Adam Kolarczyk,+48 608 065 333,Badania ważne
EMP-00356,Lidia,Leszcz,1997-11-08,88006167567,+48 797 959 959,user356@example.com,Złota,9,23,54-337,Jaworzno,Utrzymanie Ruchu,Kierownik Zmiany,Umowa na czas określony,2015-08-14,-400,A,TAK,TAK,3,Agnieszka Zys,+48 32 073 03 37,Ratownik górniczy
EMP-00357,Kornel,Zawartka,1991-05-27,67197889778,+48 886 362 050,user357@example.com,Długa,130,8,46-031,Oława,Transport,Operator,Umowa na czas określony,2013-12-06,-800,B,NIE,NIE,7,Julian Łuksza,+48 533 950 033,Badania ważne
EMP-00358,Błażej,Botor,1977-10-22,54500902559,665 832 302,user358@example.com,Poznańska,98,13,13-022,Jarocin,BHP,Geolog,Umowa B2B,2013-08-07,-100,C,NIE,TAK,6,Fryderyk Rompa,+48 32 153 47 35,
EMP-00359,Anna Maria,Fitrzyk,1998-10-28,33349114152,+48 726 112 233,user359@example.com,Plażowa,10,59,49-712,Rumia,Administracja,Geolog,Umowa na czas określony,2020-11-13,-100,C,NIE,TAK,1,pani Krystyna Szyca,519 938 425,W trakcie szkolenia
EMP-00360,Konstanty,Jeżyna,1976-05-01,90569659171,608 973 179,user360@example.com,Dworcowa,87,64,22-521,Nysa,Utrzymanie Ruchu,Mechanik,Umowa B2B,2020-05-08,-650,B,NIE,TAK,7,pani Angelika Franas,665 587 774,Uprawnienia SEP
EMP-00361,Janina,Foremniak,1989-09-10,18344049639,513 337 363,user361@example.com,Stycznia,184,,55-911,Dębica,Administracja,Mechanik,Umowa B2B,2020-06-29,-650,A,NIE,TAK,2,Mariusz Kik,+48 661 214 785,Badania ważne
EMP-00362,Ida,Milewczyk,1975-08-26,76351484685,796 776 657,user362@example.com,Mieszka I,103,33,35-392,Szczecin,Mechaniczny,Elektryk,Umowa zlecenie,2010-09-05,-200,D,NIE,TAK,11,Sara Duszkiewicz,731 514 888,W trakcie szkolenia
EMP-00363,Olaf,Kazimierczuk,1992-03-10,29737489690,571 508 353,user363@example.com,Wysoka,94,,43-257,Biała Podlaska,Wentylacja,Elektryk,Umowa zlecenie,2022-12-03,-500,B,NIE,TAK,7,Rafał Buchholz,+48 722 840 445,Operator maszyn
EMP-00364,Olga,Prokopczuk,1997-10-08,13644249363,+48 690 782 633,user364@example.com,Jana Sobieskiego,50,,96-215,Chrzanów,Transport,Kierownik Zmiany,Umowa na czas określony,2016-08-22,-100,B,TAK,TAK,9,Eliza Miksza,+48 32 877 51 53,Operator maszyn
EMP-00365,Urszula,Kansy,1983-08-06,03242044820,+48 537 805 292,user365@example.com,Stycznia,6,,95-010,Olkusz,BHP,Kierownik Oddziału,Umowa B2B,2025-06-28,-650,D,TAK,TAK,7,pani Adrianna Kudela,+48 516 845 909,Ratownik górniczy
EMP-00366,Marcin,Skierka,1997-11-10,16231981898,+48 699 996 636,user366@example.com,Wiśniowa,24,,69-396,Inowrocław,BHP,Geolog,Umowa B2B,2025-03-01,-300,D,NIE,NIE,12,pan Leon Trojanek,+48 534 121 820,Operator maszyn
EMP-00367,Szymon,Matela,1999-07-03,36321234764,691 643 348,user367@example.com,Graniczna,126,69,59-059,Krosno,Przeróbka,Operator,Umowa B2B,2019-12-03,-800,A,NIE,TAK,7,Alan Słyk,+48 22 662 12 86,Operator maszyn
EMP-00368,Gabriel,Zatoń,1985-07-29,34257540900,+48 22 346 72 99,user368@example.com,Kazimierza Wielkiego,65,71,76-208,Jasło,Transport,Geolog,Umowa B2B,2011-02-17,-650,B,NIE,TAK,9,pan Oskar Piszcz,607 169 385,Uprawnienia SEP
EMP-00369,Róża,Bociek,2002-11-09,60644134327,+48 690 147 546,user369@example.com,Ptasia,197,,23-426,Leszno,Transport,Mechanik,Umowa o pracę,2024-06-16,-650,C,NIE,TAK,8,Kornelia Wasilewicz,+48 502 916 032,W trakcie szkolenia
EMP-00370,Aleks,Węgier,1977-05-24,56124815698,533 768 151,user370@example.com,Okulickiego,117,,14-517,Płońsk,Utrzymanie Ruchu,Kierownik Oddziału,Umowa na czas określony,2020-04-30,-650,C,TAK,TAK,1,pani Nela Świtaj,733 807 017,Operator maszyn
EMP-00371,Eryk,Pilich,1981-09-09,45911238296,510 412 577,user371@example.com,Pomorska,116,,09-085,Żywiec,Transport,Sztygar,Umowa zlecenie,2022-04-08,-800,C,TAK,NIE,6,Monika Chwedoruk,+48 574 220 912,Ratownik górniczy
EMP-00372,Kamila,Moroń,1978-03-18,16526693008,530 427 523,user372@example.com,Grottgera,23,,05-915,Wałcz,Transport,Sztygar,Umowa zlecenie,2018-10-17,-650,B,TAK,TAK,7,Sara Pitala,518 164 709,Badania ważne
EMP-00373,Ksawery,Breguła,1966-08-19,94215291086,883 310 600,user373@example.com,Władysława Jagiełły,173,,25-697,Świecie,Wentylacja,Kierownik Oddziału,Umowa zlecenie,2022-09-14,-800,D,TAK,TAK,5,Borys Oleśkiewicz,572 206 815,Ratownik górniczy
EMP-00374,Nikodem,Dusik,1979-05-09,76263934362,+48 506 133 155,user374@example.com,Krzywa,8,38,02-412,Wyszków,Wentylacja,Operator,Umowa na czas określony,2020-04-22,-400,B,NIE,TAK,6,pani Ada Piegza,+48 533 149 501,Badania ważne
EMP-00375,Sonia,Dziedzina,2001-11-11,71072563669,+48 798 924 195,user375@example.com,Powstańców,25,,90-398,Jarocin,Wydobycie,Geolog,Umowa B2B,2016-10-05,-300,A,NIE,TAK,8,Józef Nikel,+48 735 715 099,Ratownik górniczy
EMP-00376,Jerzy,Pich,1984-05-26,90048964652,+48 690 309 143,user376@example.com,Wróblewskiego,149,23,55-776,Tomaszów Mazowiecki,Utrzymanie Ruchu,Inspektor BHP,Umowa na czas określony,2018-05-28,-500,A,NIE,TAK,8,Stanisław Matla,887 432 630,Uprawnienia SEP
EMP-00377,Sara,Huczko,1975-12-20,58624150274,792 450 864,user377@example.com,Morcinka,111,37,04-235,Nowa Ruda,Administracja,Młodszy Górnik,Umowa B2B,2021-12-05,-650,C,NIE,TAK,6,pani Aniela Zagrodnik,+48 660 339 685,Operator maszyn
EMP-00378,Wiktor,Kominiak,1973-10-14,57287032032,+48 571 302 321,user378@example.com,Krzywa,67,21,76-563,Ostrów Wielkopolski,Geologia,Starszy Górnik,Umowa o pracę,2020-05-10,-100,D,NIE,TAK,1,Dorota Kiedrowicz,+48 517 423 362,Operator maszyn
EMP-00379,Aurelia,Borysiak,1990-09-05,87771215134,+48 733 471 566,user379@example.com,Warszawska,192,66,61-452,Świdnik,Administracja,Kierownik Zmiany,Umowa zlecenie,2014-12-26,-200,B,TAK,NIE,1,Marcin Niesporek,+48 32 706 61 49,Badania ważne
EMP-00380,Tymoteusz,Fidler,1987-12-07,26137150416,+48 507 474 689,user380@example.com,Irysowa,83,,10-342,Tarnów,Przeróbka,Inspektor BHP,Umowa na czas określony,2019-02-03,-300,A,NIE,TAK,8,pan Igor Darul,500 857 666,W trakcie szkolenia
EMP-00381,Marika,Stryjek,2005-04-06,90509759230,+48 739 160 169,user381@example.com,Witosa,83,,25-782,Oświęcim,Mechaniczny,Nadsztygar,Umowa na czas określony,2016-02-20,-800,C,TAK,TAK,7,Nataniel Karmelita,+48 797 506 633,Ratownik górniczy
EMP-00382,Olgierd,Goworek,1985-07-21,36103266421,+48 790 249 724,user382@example.com,Paderewskiego,111,,78-593,Żagań,BHP,Starszy Górnik,Umowa o pracę,2025-02-25,-300,D,NIE,TAK,9,Bartek Forysiak,32 166 91 83,Uprawnienia SEP
EMP-00383,Marianna,Rzeszutko,2001-06-26,76749961659,+48 794 886 946,user383@example.com,Odrzańska,162,,94-891,Bielsko-Biała,Wydobycie,Mechanik,Umowa B2B,2012-09-22,-200,D,NIE,TAK,11,Anita Parzonka,+48 32 524 36 40,Uprawnienia SEP
EMP-00384,Jakub,Rzucidło,2005-12-04,27881476174,536 864 622,user384@example.com,Rybacka,176,,24-721,Tarnów,Mechaniczny,Geolog,Umowa na czas określony,2023-06-05,-200,B,NIE,TAK,10,Ada Tutka,+48 601 793 230,
EMP-00385,Eryk,Radzio,1996-06-10,10818661794,+48 22 679 12 14,user385@example.com,Jaśminowa,150,,49-128,Tarnowskie Góry,Przeróbka,Elektryk,Umowa na czas określony,2023-04-22,-300,C,NIE,TAK,3,Cyprian Madejczyk,+48 693 771 004,Operator maszyn
EMP-00386,Janina,Imiela,1996-07-07,16459779452,511 380 698,user386@example.com,Łabędzia,21,78,35-955,Wołomin,Przeróbka,Górnik,Umowa na czas określony,2010-02-13,-200,B,NIE,TAK,1,pan Emil Kiełbus,795 553 566,
EMP-00387,Kornel,Hutyra,1990-11-16,10277697499,570 762 091,user387@example.com,Daszyńskiego,78,,36-974,Bartoszyce,Utrzymanie Ruchu,Kierownik Oddziału,Umowa o pracę,2026-01-14,-300,D,TAK,TAK,2,Leonard Terka,+48 727 863 050,
EMP-00388,Arkadiusz,Gebauer,1991-10-18,30372368314,+48 533 976 915,user388@example.com,Agrestowa,38,61,61-675,Bartoszyce,Wydobycie,Operator,Umowa o pracę,2024-05-12,-800,D,NIE,TAK,3,Ernest Pszczółka,+48 723 289 802,W trakcie szkolenia
EMP-00389,Krystyna,Sołtan,1986-05-12,77707933496,+48 532 717 833,user389@example.com,Chabrowa,3,14,22-772,Biłgoraj,Geologia,Operator,Umowa na czas określony,2011-06-08,-100,C,NIE,NIE,10,Dominik Roszko,+48 790 256 434,W trakcie szkolenia
EMP-00390,Marcel,Wojtach,1993-01-30,40767899730,608 715 399,user390@example.com,Dworcowa,109,74,83-352,Dębica,Mechaniczny,Elektryk,Umowa o pracę,2025-08-24,-500,A,NIE,TAK,11,Melania Kalista,+48 513 341 411,Operator maszyn
EMP-00391,Rafał,Tadych,1970-01-04,17957602437,579 525 690,user391@example.com,Kamienna,60,,08-605,Iława,Administracja,Mechanik,Umowa B2B,2022-03-06,-300,D,NIE,NIE,12,Tobiasz Sojda,795 289 931,W trakcie szkolenia
EMP-00392,Róża,Kobryń,1982-04-04,24665729341,604 377 294,user392@example.com,Zacisze,34,,96-682,Bartoszyce,Utrzymanie Ruchu,Mechanik,Umowa na czas określony,2018-11-07,-650,D,NIE,TAK,7,Alex Fiołka,+48 601 497 374,Operator maszyn
EMP-00393,Józef,Fijak,1994-08-11,33800545228,22 330 27 64,user393@example.com,Skrajna,87,,21-023,Żywiec,Administracja,Nadsztygar,Umowa zlecenie,2016-03-12,-100,A,TAK,TAK,9,Natan Gregorek,+48 787 566 184,Uprawnienia SEP
EMP-00394,Krystyna,Ważna,1977-09-27,45508428910,572 590 472,user394@example.com,Widok,194,,18-453,Sandomierz,Administracja,Mechanik,Umowa o pracę,2025-03-06,-400,D,NIE,TAK,1,pan Wojciech Szela,693 059 126,Badania ważne
EMP-00395,Alan,Waniek,2004-06-17,21352478712,575 720 185,user395@example.com,Śląska,86,,56-994,Legnica,Wentylacja,Młodszy Górnik,Umowa na czas określony,2017-01-09,-650,C,NIE,TAK,1,Andrzej Tecław,573 674 926,Uprawnienia SEP
EMP-00396,Dawid,Gabryszak,1997-06-24,54821456532,+48 536 475 011,user396@example.com,Wierzbowa,59,18,16-501,Nowy Dwór Mazowiecki,Geologia,Mechanik,Umowa na czas określony,2026-04-19,-800,D,NIE,TAK,9,Michał Musiała,+48 699 741 926,W trakcie szkolenia
EMP-00397,Justyna,Pilarek,1985-10-24,07208115562,+48 692 151 826,user397@example.com,Zakole,101,,03-404,Oława,Administracja,Kierownik Zmiany,Umowa o pracę,2020-08-07,-400,A,TAK,TAK,5,pan Robert Grotek,+48 698 131 292,Operator maszyn
EMP-00398,Jędrzej,Becker,1966-08-28,84550489267,512 932 184,user398@example.com,Odrzańska,140,80,05-087,Wałbrzych,BHP,Kierownik Oddziału,Umowa na czas określony,2017-05-10,-650,B,TAK,TAK,5,Dariusz Witan,666 034 084,
EMP-00399,Aurelia,Glenc,1992-10-23,85628843188,+48 795 859 883,user399@example.com,Pałacowa,194,,13-679,Gdynia,Wydobycie,Górnik,Umowa B2B,2017-04-26,-300,C,NIE,TAK,5,Piotr Łągiewka,604 329 839,W trakcie szkolenia
EMP-00400,Kaja,Wziątek,1980-10-21,81054851017,+48 664 462 671,user400@example.com,Broniewskiego,117,,87-436,Białogard,Administracja,Kierownik Oddziału,Umowa zlecenie,2012-02-11,-300,A,TAK,TAK,5,Julita Jakoniuk,534 359 892,Ratownik górniczy
EMP-00401,Justyna,Bartłomiejczyk,1983-03-26,92683158935,509 314 181,user401@example.com,Szewska,38,55,71-417,Kielce,Przeróbka,Geolog,Umowa o pracę,2012-07-10,-400,A,NIE,TAK,7,pani Karina Araszkiewicz,32 423 40 16,Uprawnienia SEP
EMP-00402,Paweł,Antoń,2005-08-16,37158698864,572 849 718,user402@example.com,Stefana Batorego,163,55,90-586,Bełchatów,Elektryczny,Mechanik,Umowa na czas określony,2013-08-27,-500,D,NIE,TAK,3,Oskar Mikłaszewicz,512 562 588,Badania ważne
EMP-00403,Malwina,Gałęza,1990-03-25,77288137702,604 082 226,user403@example.com,Szafirowa,31,78,95-274,Radom,Przeróbka,Starszy Górnik,Umowa o pracę,2023-12-21,-500,C,NIE,TAK,10,pani Melania Heleniak,+48 517 275 784,Ratownik górniczy
EMP-00404,Olaf,Sobkiewicz,1977-06-23,82154544702,+48 731 465 111,user404@example.com,Kaliska,13,40,31-968,Ruda Śląska,Wentylacja,Górnik,Umowa zlecenie,2017-01-13,-200,D,NIE,TAK,1,Aurelia Misztela,534 870 682,
EMP-00405,Ewelina,Waloszek,1985-08-18,51067949756,576 093 068,user405@example.com,Kowalska,196,18,45-251,Koło,Elektryczny,Elektryk,Umowa na czas określony,2018-06-21,-400,B,NIE,TAK,12,Adrianna Matynia,+48 788 321 528,Ratownik górniczy
EMP-00406,Anastazja,Bartłomiejczyk,1980-07-29,99663658074,665 153 814,user406@example.com,Złota,43,4,62-301,Łomża,Mechaniczny,Młodszy Górnik,Umowa o pracę,2010-11-02,-650,A,NIE,TAK,2,Jakub Meissner,+48 739 634 807,Uprawnienia SEP
EMP-00407,Adam,Goliszek,2002-02-22,89098378018,509 754 510,user407@example.com,Harcerska,71,,93-191,Piaseczno,Administracja,Inspektor BHP,Umowa na czas określony,2023-12-14,-200,A,NIE,TAK,9,pani Urszula Hartman,+48 573 188 261,Badania ważne
EMP-00408,Iwo,Pakos,2002-12-20,69070562608,+48 576 545 628,user408@example.com,Jeziorna,66,,14-450,Biłgoraj,Przeróbka,Kierownik Zmiany,Umowa zlecenie,2010-02-11,-300,D,TAK,TAK,3,pan Krzysztof Materek,+48 886 053 134,Uprawnienia SEP
EMP-00409,Kornel,Domżał,1968-01-21,12462095200,663 741 678,user409@example.com,Strumykowa,26,,88-732,Zielona Góra,Geologia,Nadsztygar,Umowa B2B,2016-06-27,-300,D,TAK,TAK,7,pani Eliza Mizia,+48 886 211 022,
EMP-00410,Marek,Solarek,1980-03-17,33993788614,+48 785 690 674,user410@example.com,Traugutta,119,71,63-085,Lubartów,Przeróbka,Górnik,Umowa na czas określony,2010-03-23,-100,C,NIE,TAK,7,Witold Szpyt,608 234 143,W trakcie szkolenia
EMP-00411,Lidia,Stochaj,1993-02-05,04891382496,+48 32 189 23 92,user411@example.com,Nadrzeczna,163,,16-136,Piaseczno,Utrzymanie Ruchu,Sztygar,Umowa B2B,2017-01-21,-400,A,TAK,TAK,3,Jacek Mędrala,606 093 106,Uprawnienia SEP
EMP-00412,Jerzy,Świech,1982-09-26,68700794200,796 708 604,user412@example.com,Górna,154,33,35-373,Tczew,BHP,Elektryk,Umowa zlecenie,2015-01-15,-400,C,NIE,NIE,9,pani Aniela Kuryś,512 000 534,Ratownik górniczy
EMP-00413,Oskar,Hartman,1985-04-29,28914161284,664 755 411,user413@example.com,Jana,157,65,02-700,Zgorzelec,BHP,Górnik,Umowa B2B,2024-12-09,-400,B,NIE,TAK,5,Kornel Kanik,+48 885 989 534,Uprawnienia SEP
EMP-00414,Dominik,Trepka,1974-11-05,55379502097,+48 739 109 337,user414@example.com,Pogodna,173,23,10-965,Myszków,Mechaniczny,Geolog,Umowa na czas określony,2016-04-25,-100,A,NIE,TAK,9,pani Anita Dziełak,32 382 02 36,
EMP-00415,Melania,Stawowczyk,1988-06-18,18071569562,887 161 768,user415@example.com,Cegielniana,32,60,03-171,Grodzisk Mazowiecki,Wentylacja,Geolog,Umowa na czas określony,2014-02-25,-800,A,NIE,TAK,4,Adrian Wojciech,519 036 788,W trakcie szkolenia
EMP-00416,Apolonia,Biernacik,2005-04-22,45319433750,+48 666 694 320,user416@example.com,Wodna,181,,74-224,Luboń,Wydobycie,Górnik,Umowa zlecenie,2012-09-21,-300,D,NIE,TAK,2,Ida Wacław,+48 608 443 448,Ratownik górniczy
EMP-00417,Ewelina,Lemke,1971-03-18,87283999219,780 242 403,user417@example.com,Tęczowa,33,,69-119,Warszawa,Mechaniczny,Inspektor BHP,Umowa B2B,2013-09-06,-200,A,NIE,TAK,11,pani Natasza Lewko,+48 798 426 945,
EMP-00418,Mateusz,Smolorz,2005-11-08,89487060566,883 424 089,user418@example.com,Wojska Polskiego,175,67,93-764,Szczytno,Elektryczny,Operator,Umowa B2B,2020-04-17,-300,A,NIE,TAK,1,Juliusz Dietrich,+48 739 837 354,W trakcie szkolenia
EMP-00419,Ewa,Sulik,1974-08-08,04687506351,+48 533 652 717,user419@example.com,Kreta,189,29,59-190,Konin,Przeróbka,Sztygar,Umowa zlecenie,2020-05-10,-500,A,TAK,TAK,3,Nicole Eckert,+48 882 404 226,Ratownik górniczy
EMP-00420,Julian,Armatys,1993-12-09,11076095431,+48 513 761 820,user420@example.com,Kaszubska,88,7,13-387,Kutno,Mechaniczny,Nadsztygar,Umowa zlecenie,2013-02-02,-400,B,TAK,TAK,10,Kamil Rajczak,500 231 429,Badania ważne
EMP-00421,Dominik,Sydor,1966-12-26,17911006512,+48 885 132 797,user421@example.com,Witosa,15,39,40-340,Sopot,Przeróbka,Mechanik,Umowa o pracę,2025-11-21,-100,D,NIE,TAK,9,Andrzej Fik,+48 664 810 018,
EMP-00422,Urszula,Kosz,1978-04-25,66196399076,503 036 625,user422@example.com,Malczewskiego,159,,37-232,Wągrowiec,BHP,Nadsztygar,Umowa o pracę,2018-05-31,-400,D,TAK,TAK,9,Kamil Kloch,661 314 519,Ratownik górniczy
EMP-00423,Karol,Wenzel,1979-10-17,31109193928,519 226 859,user423@example.com,Kreta,108,62,87-436,Legnica,Utrzymanie Ruchu,Inspektor BHP,Umowa zlecenie,2015-12-06,-300,C,NIE,TAK,1,Stefan Żynda,574 754 102,
EMP-00424,Tymon,Szwiec,1997-07-22,49685498227,+48 537 119 642,user424@example.com,Kopernika,75,,42-131,Piotrków Trybunalski,Mechaniczny,Starszy Górnik,Umowa zlecenie,2012-05-30,-300,C,NIE,TAK,4,Maks Lorens,+48 576 769 523,Badania ważne
EMP-00425,Julita,Maraszek,1981-10-09,06533315377,+48 578 836 196,user425@example.com,Borówkowa,149,73,74-796,Białogard,Administracja,Elektryk,Umowa B2B,2019-01-13,-500,C,NIE,TAK,6,Dawid Brodowicz,880 305 872,Uprawnienia SEP
EMP-00426,Nataniel,Zegar,2003-04-13,70730337933,+48 22 247 28 63,user426@example.com,Tęczowa,190,,29-058,Goleniów,Geologia,Młodszy Górnik,Umowa zlecenie,2010-12-24,-400,C,NIE,TAK,6,Ignacy Durczok,+48 792 606 501,
EMP-00427,Gaja,Budzich,1992-12-14,50812473950,660 252 131,user427@example.com,Lipowa,51,,73-852,Żyrardów,Wentylacja,Młodszy Górnik,Umowa B2B,2011-03-20,-100,B,NIE,TAK,6,Grzegorz Moniuszko,+48 882 847 657,Badania ważne
EMP-00428,Stefan,Nalewajko,1997-09-13,23024102615,600 092 820,user428@example.com,Powstańców Śląskich,117,31,55-697,Sanok,BHP,Sztygar,Umowa zlecenie,2021-06-07,-200,C,TAK,TAK,10,Anita Tarasek,783 624 186,Operator maszyn
EMP-00429,Bruno,Trzop,2005-07-24,11223386559,+48 720 362 891,user429@example.com,Ceglana,12,,60-489,Racibórz,Mechaniczny,Operator,Umowa B2B,2012-01-22,-400,B,NIE,TAK,6,Fryderyk Świtaj,515 634 111,Uprawnienia SEP
EMP-00430,Józef,Faryna,1980-12-14,42897317912,724 281 139,user430@example.com,Ogrodowa,193,66,97-932,Piekary Śląskie,Elektryczny,Górnik,Umowa na czas określony,2022-10-22,-500,D,NIE,TAK,6,Bianka Danisz,+48 730 341 990,W trakcie szkolenia
EMP-00431,Aleksander,Wawryniuk,1988-12-29,87774969033,791 405 468,user431@example.com,Jagodowa,61,,41-770,Ciechanów,Transport,Kierownik Zmiany,Umowa na czas określony,2022-12-30,-200,D,TAK,TAK,10,pani Sylwia Gabryelczyk,575 681 820,Uprawnienia SEP
EMP-00432,Julianna,Tywoniuk,1989-12-06,48121478539,+48 22 042 27 11,user432@example.com,Królewska,132,80,30-906,Stargard Szczeciński,Geologia,Kierownik Zmiany,Umowa na czas określony,2016-04-13,-100,D,TAK,TAK,7,Miłosz Wypchło,+48 609 857 254,Operator maszyn
EMP-00433,Kornelia,Brach,1980-11-09,75460273415,+48 796 339 912,user433@example.com,Szafirowa,129,,81-510,Rybnik,Transport,Kierownik Zmiany,Umowa zlecenie,2024-01-28,-100,C,TAK,TAK,2,Julian Peda,+48 22 481 71 75,
EMP-00434,Krzysztof,Beśka,1973-03-26,08353544439,+48 695 511 274,user434@example.com,Porzeczkowa,3,39,33-782,Mińsk Mazowiecki,BHP,Kierownik Zmiany,Umowa na czas określony,2014-11-11,-200,C,TAK,TAK,10,Marcel Nojman,+48 570 546 692,W trakcie szkolenia
EMP-00435,Jędrzej,Szyjka,1984-01-29,78263337389,536 874 090,user435@example.com,Kruczkowskiego,185,60,32-717,Bielawa,Przeróbka,Górnik,Umowa B2B,2018-06-05,-800,D,NIE,TAK,7,Marcin Oziębło,574 629 613,W trakcie szkolenia
EMP-00436,Tomasz,Moskalik,1981-12-21,37780529240,+48 537 871 121,user436@example.com,Rumiankowa,87,29,99-444,Lubin,Geologia,Kierownik Oddziału,Umowa na czas określony,2017-08-08,-400,C,TAK,TAK,5,Kornel Kijanka,795 973 714,Ratownik górniczy
EMP-00437,Natasza,Kujawiak,1984-08-17,09022599996,+48 733 590 960,user437@example.com,Wrocławska,101,9,56-485,Gniezno,Wentylacja,Inspektor BHP,Umowa na czas określony,2018-12-18,-400,B,NIE,TAK,6,Bruno Drej,506 442 121,Badania ważne
EMP-00438,Aniela,Sładek,1977-05-26,41218209702,+48 518 342 016,user438@example.com,Liliowa,99,,97-305,Jastrzębie-Zdrój,Wentylacja,Mechanik,Umowa B2B,2011-05-06,-200,A,NIE,TAK,2,Nataniel Kudela,+48 577 826 596,Operator maszyn
EMP-00439,Gaja,Augustynek,1999-05-14,58025662128,539 925 502,user439@example.com,Gałczynskiego,191,9,19-512,Legionowo,Wentylacja,Górnik,Umowa zlecenie,2019-03-23,-400,D,NIE,TAK,5,Kalina Bobryk,+48 600 727 910,Operator maszyn
EMP-00440,Sandra,Pryk,1975-03-11,72994938743,+48 662 963 533,user440@example.com,Maczka,115,9,74-979,Wrocław,Administracja,Operator,Umowa zlecenie,2026-02-06,-100,B,NIE,TAK,6,pani Ewa Plich,788 177 665,Badania ważne
EMP-00441,Angelika,Duc,1980-07-13,77901475469,791 276 528,user441@example.com,Zaułek,107,,21-556,Oświęcim,Administracja,Mechanik,Umowa na czas określony,2018-12-03,-800,B,NIE,TAK,7,Ryszard Szylar,+48 786 491 111,W trakcie szkolenia
EMP-00442,Klara,Hanc,1992-06-06,91603248413,+48 579 817 890,user442@example.com,Żeglarska,196,,38-873,Szczecinek,BHP,Starszy Górnik,Umowa o pracę,2020-02-19,-400,D,NIE,TAK,9,Artur Kyc,+48 538 613 715,Ratownik górniczy
EMP-00443,Klara,Kajstura,2005-02-23,72438070176,+48 736 053 844,user443@example.com,Skrajna,50,,34-315,Żyrardów,Wydobycie,Kierownik Oddziału,Umowa B2B,2025-01-11,-300,D,TAK,TAK,12,Jan Gładka,+48 510 002 589,Uprawnienia SEP
EMP-00444,Anita,Jas,1979-02-22,77711837274,728 639 609,user444@example.com,Agrestowa,44,,17-962,Kłodzko,Utrzymanie Ruchu,Kierownik Zmiany,Umowa B2B,2012-10-20,-800,B,TAK,TAK,9,Tymoteusz Gendera,798 263 128,W trakcie szkolenia
EMP-00445,Kamila,Gietka,1971-03-07,21042752308,32 482 53 11,user445@example.com,Parkowa,179,,56-012,Gorlice,Geologia,Kierownik Oddziału,Umowa B2B,2019-06-28,-200,D,TAK,TAK,1,Antoni Prygiel,+48 798 196 027,Badania ważne
EMP-00446,Daniel,Dudała,1991-10-28,06335331060,+48 733 438 364,user446@example.com,Skrajna,50,,07-282,Olsztyn,Przeróbka,Górnik,Umowa zlecenie,2022-10-15,-100,C,NIE,TAK,1,Michał Szumiec,+48 691 179 112,Operator maszyn
EMP-00447,Tomasz,Nałęcz,1977-09-28,15583938661,+48 575 361 706,user447@example.com,Długa,28,46,63-983,Gorlice,Utrzymanie Ruchu,Elektryk,Umowa o pracę,2024-09-16,-200,B,NIE,TAK,11,Nikodem Bugno,+48 516 572 240,Ratownik górniczy
EMP-00448,Filip,Sondej,2002-08-04,63731495013,795 799 802,user448@example.com,Plater,197,77,95-261,Wałbrzych,Przeróbka,Górnik,Umowa zlecenie,2020-11-05,-400,C,NIE,TAK,2,Antoni Klejna,508 823 513,Badania ważne
EMP-00449,Karol,Wilma,1967-08-16,62525715099,+48 792 447 315,user449@example.com,Lotnicza,131,,71-668,Pruszków,Wentylacja,Kierownik Zmiany,Umowa o pracę,2012-04-12,-400,D,TAK,NIE,2,pan Przemysław Rut,+48 503 423 461,Ratownik górniczy
EMP-00450,Fabian,Kuba,1989-10-16,63910257432,+48 32 376 76 94,user450@example.com,Myśliwska,165,,80-111,Krotoszyn,Administracja,Sztygar,Umowa na czas określony,2022-08-09,-400,B,TAK,TAK,3,Marianna Zieniewicz,+48 695 517 208,Ratownik górniczy
EMP-00451,Liwia,Rząd,1976-07-26,08640355338,+48 500 125 625,user451@example.com,Gajowa,176,29,10-221,Biłgoraj,Mechaniczny,Kierownik Zmiany,Umowa B2B,2016-09-27,-100,B,TAK,TAK,8,pani Marianna Bidas,791 050 537,W trakcie szkolenia
EMP-00452,Jerzy,Mordal,1989-02-21,17130232129,536 493 831,user452@example.com,Storczykowa,61,,36-734,Krotoszyn,Geologia,Górnik,Umowa na czas określony,2015-04-16,-500,B,NIE,TAK,3,Anita Troka,+48 736 655 330,W trakcie szkolenia
EMP-00453,Jacek,Picheta,1998-07-21,36293449734,571 729 596,user453@example.com,Grabowa,21,47,74-022,Bełchatów,Geologia,Sztygar,Umowa zlecenie,2018-03-14,-800,D,TAK,TAK,8,Aurelia Furgał,+48 534 260 880,Operator maszyn
EMP-00454,Natasza,Dycha,1979-12-10,96270661498,22 644 55 61,user454@example.com,Brzechwy,66,49,41-506,Września,Transport,Elektryk,Umowa na czas określony,2010-04-08,-200,B,NIE,TAK,7,Kamila Pilarek,+48 797 715 910,Badania ważne
EMP-00455,Sebastian,Trybus,1975-05-28,71527323008,796 321 358,user455@example.com,Słoneczna,126,52,89-889,Radom,Geologia,Inspektor BHP,Umowa B2B,2023-07-29,-650,C,NIE,TAK,8,Aleksander Kurnik,514 145 964,Ratownik górniczy
EMP-00456,Janina,Kubasiewicz,1994-05-23,91601692364,572 529 671,user456@example.com,Plater,131,63,68-247,Łuków,Wydobycie,Geolog,Umowa na czas określony,2025-03-17,-800,C,NIE,TAK,12,pan Sebastian Przewoźniak,32 731 44 15,Uprawnienia SEP
EMP-00457,Gabriel,Kryza,1988-10-13,70502497243,531 703 037,user457@example.com,Kasprowicza,4,,25-500,Dąbrowa Górnicza,Geologia,Sztygar,Umowa na czas określony,2024-05-09,-500,B,TAK,NIE,2,pani Gaja Sypień,32 885 47 28,Badania ważne
EMP-00458,Dariusz,Karkut,1970-09-02,62644886946,+48 539 836 314,user458@example.com,Zielna,28,74,22-703,Zgierz,Utrzymanie Ruchu,Sztygar,Umowa B2B,2012-02-21,-800,A,TAK,TAK,12,Tymon Bazyluk,571 307 240,Operator maszyn
EMP-00459,Maks,Żurawik,1985-06-29,40270116864,578 156 326,user459@example.com,Cegielniana,44,23,56-521,Zawiercie,Utrzymanie Ruchu,Operator,Umowa zlecenie,2018-09-24,-650,D,NIE,TAK,8,Monika Wiesiołek,881 066 343,Uprawnienia SEP
EMP-00460,Liwia,Bartela,1982-07-21,17932302346,+48 578 610 313,user460@example.com,Wolności,163,,07-917,Katowice,Transport,Elektryk,Umowa o pracę,2019-10-08,-400,A,NIE,TAK,2,Tadeusz Stanisławek,+48 661 439 666,Ratownik górniczy
EMP-00461,Cezary,Judek,1970-07-01,50937710040,692 354 940,user461@example.com,Poprzeczna,25,,24-516,Bartoszyce,Geologia,Młodszy Górnik,Umowa B2B,2022-01-25,-650,A,NIE,TAK,8,pan Mieszko Kamieniarz,665 122 572,Ratownik górniczy
EMP-00462,Marianna,Rezler,2004-12-07,65555356690,502 412 095,user462@example.com,Porzeczkowa,26,1,75-002,Oleśnica,Geologia,Inspektor BHP,Umowa zlecenie,2020-12-14,-300,C,NIE,TAK,10,Natasza Drost,510 943 882,
EMP-00463,Oskar,Wlaźlak,1996-08-23,43579786305,+48 32 577 58 47,user463@example.com,Mostowa,12,42,47-470,Wrocław,Wentylacja,Elektryk,Umowa na czas określony,2022-10-01,-100,C,NIE,TAK,12,pani Nicole Araszkiewicz,+48 609 714 802,Badania ważne
EMP-00464,Julian,Komisarczyk,2005-08-03,56716493289,+48 570 396 531,user464@example.com,Jagodowa,33,,49-655,Gorzów Wielkopolski,Transport,Młodszy Górnik,Umowa na czas określony,2024-01-30,-800,A,NIE,TAK,8,Inga Ludwik,+48 538 245 569,
EMP-00465,Fabian,Ciuła,1983-02-19,83332116025,519 859 167,user465@example.com,Szafirowa,57,33,45-296,Elbląg,Przeróbka,Mechanik,Umowa zlecenie,2026-05-06,-400,C,NIE,TAK,11,Sonia Trawka,607 284 982,W trakcie szkolenia
EMP-00466,Gustaw,Podkowa,1978-08-04,15399156686,+48 530 349 107,user466@example.com,Stycznia,58,,01-441,Skierniewice,Transport,Mechanik,Umowa o pracę,2014-09-28,-800,B,NIE,TAK,2,Franciszek Gubernat,605 488 214,Ratownik górniczy
EMP-00467,Kornelia,Olas,1972-02-25,93195256904,534 307 536,user467@example.com,Zielna,100,55,52-991,Tychy,BHP,Operator,Umowa zlecenie,2022-01-20,-100,B,NIE,TAK,11,Emil Habdas,782 965 923,Badania ważne
EMP-00468,Ksawery,Gaudyn,1976-06-11,31608752437,781 497 826,user468@example.com,Letniskowa,38,77,13-142,Ostróda,Utrzymanie Ruchu,Inspektor BHP,Umowa o pracę,2016-11-05,-650,D,NIE,NIE,6,pan Iwo Woronko,+48 795 756 766,Ratownik górniczy
EMP-00469,Szymon,Maszkiewicz,1984-11-23,14973746052,+48 511 294 398,user469@example.com,Rybacka,188,,17-636,Myszków,Utrzymanie Ruchu,Elektryk,Umowa na czas określony,2025-01-02,-800,B,NIE,TAK,5,Mikołaj Tatarczuk,+48 22 626 07 87,W trakcie szkolenia
EMP-00470,Jeremi,Ciechowicz,2000-01-05,08656756618,+48 731 591 497,user470@example.com,Magnoliowa,73,25,43-886,Toruń,Przeróbka,Starszy Górnik,Umowa zlecenie,2011-05-24,-650,C,NIE,TAK,10,Janina Krzosek,+48 600 382 872,
EMP-00471,Marcin,Kij,1975-05-21,47292774233,+48 734 079 311,user471@example.com,Polna,189,2,20-619,Opole,Administracja,Operator,Umowa o pracę,2021-02-10,-800,B,NIE,TAK,7,Witold Walencik,577 087 601,Operator maszyn
EMP-00472,Daniel,Kornet,1978-06-10,20157201859,728 497 916,user472@example.com,Zacisze,161,,82-023,Siedlce,Wydobycie,Geolog,Umowa o pracę,2017-12-15,-400,B,NIE,TAK,7,Tadeusz Ciesiółka,+48 608 377 441,Operator maszyn
EMP-00473,Jacek,Ziemann,2004-10-22,92617647501,+48 501 766 204,user473@example.com,Gałczynskiego,32,,16-578,Nysa,Wydobycie,Nadsztygar,Umowa na czas określony,2018-02-08,-100,A,TAK,TAK,12,Elżbieta Świerkosz,519 705 277,W trakcie szkolenia
EMP-00474,Maurycy,Gustaw,1977-07-09,92676492151,+48 22 835 86 81,user474@example.com,Kilińskiego,104,3,84-156,Skierniewice,Mechaniczny,Młodszy Górnik,Umowa na czas określony,2026-02-22,-650,B,NIE,TAK,9,pani Nicole Sarota,+48 32 244 61 76,Badania ważne
EMP-00475,Grzegorz,Burnat,2004-12-11,13129208751,+48 798 842 599,user475@example.com,Stefana Batorego,148,,75-633,Zduńska Wola,Przeróbka,Elektryk,Umowa B2B,2019-12-18,-100,B,NIE,TAK,2,Aleksander Rzońca,+48 22 231 17 75,
EMP-00476,Marek,Szlęk,1996-11-03,45826034084,666 610 941,user476@example.com,Maja,36,74,96-075,Mińsk Mazowiecki,BHP,Elektryk,Umowa B2B,2026-02-19,-650,D,NIE,NIE,9,pani Justyna Pabisiak,577 629 833,Badania ważne
EMP-00477,Stefan,Koss,1976-07-17,10303243298,692 683 190,user477@example.com,Stolarska,72,17,86-099,Ostrów Wielkopolski,Przeróbka,Sztygar,Umowa B2B,2017-03-12,-200,C,TAK,TAK,7,Sebastian Odrzywołek,505 698 152,W trakcie szkolenia
EMP-00478,Liwia,Chowaniak,1993-09-27,67146283143,693 978 559,user478@example.com,Kusocińskiego,145,,18-821,Gliwice,Geologia,Starszy Górnik,Umowa zlecenie,2025-10-01,-650,C,NIE,TAK,7,pan Jędrzej Kruszona,+48 22 191 28 41,Operator maszyn
EMP-00479,Rozalia,Folta,1971-02-28,93141818615,503 446 512,user479@example.com,Wyzwolenia,93,43,10-548,Łuków,Utrzymanie Ruchu,Górnik,Umowa zlecenie,2013-10-16,-650,A,NIE,TAK,1,Eliza Domowicz,+48 604 690 819,
EMP-00480,Błażej,Złotnik,1985-04-13,36112849718,500 564 350,user480@example.com,Stawowa,142,,27-561,Nowa Ruda,Wydobycie,Kierownik Oddziału,Umowa zlecenie,2025-01-31,-300,C,TAK,TAK,7,pani Aniela Kołtuniak,539 905 169,Uprawnienia SEP
EMP-00481,Bianka,Wojewódka,1996-01-07,88967924082,604 010 783,user481@example.com,Konstytucji 3 Maja,37,49,45-442,Sopot,Wydobycie,Kierownik Zmiany,Umowa B2B,2025-04-13,-650,B,TAK,TAK,11,Olaf Szkoda,510 389 608,Badania ważne
EMP-00482,Albert,Juraszczyk,1985-09-24,72757844683,606 682 171,user482@example.com,Rycerska,79,53,48-361,Mysłowice,Przeróbka,Kierownik Oddziału,Umowa o pracę,2016-05-14,-300,A,TAK,TAK,12,pani Olga Lemke,721 903 689,Uprawnienia SEP
EMP-00483,Witold,Jamrożek,1968-04-10,29014870682,511 027 240,user483@example.com,Jałowcowa,132,,45-617,Wyszków,Geologia,Młodszy Górnik,Umowa o pracę,2023-03-09,-400,D,NIE,NIE,4,Aleks Fijoł,+48 726 711 148,W trakcie szkolenia
EMP-00484,Maurycy,Wons,1974-09-05,68538909728,+48 22 374 58 43,user484@example.com,Borówkowa,20,,35-327,Sandomierz,Mechaniczny,Górnik,Umowa B2B,2021-08-06,-200,B,NIE,TAK,7,Mikołaj Antończak,+48 519 741 328,Operator maszyn
EMP-00485,Nikodem,Fraś,1975-09-01,25153814474,882 037 710,user485@example.com,Gołębia,1,73,05-277,Tczew,Wentylacja,Kierownik Oddziału,Umowa B2B,2022-03-14,-300,B,TAK,TAK,1,Radosław Fularczyk,530 496 706,Operator maszyn
EMP-00486,Gabriel,Toś,1981-10-30,70509754510,666 804 085,user486@example.com,Parkowa,103,,78-773,Wejherowo,Przeróbka,Inspektor BHP,Umowa na czas określony,2010-09-24,-300,B,NIE,TAK,4,Tola Kieszek,32 059 66 01,
EMP-00487,Stefan,Suchora,1988-07-29,82617024376,+48 667 699 842,user487@example.com,Jagiellońska,94,,60-764,Chełm,Mechaniczny,Elektryk,Umowa B2B,2025-08-30,-300,C,NIE,TAK,8,Bartek Stoch,+48 32 413 84 59,W trakcie szkolenia
EMP-00488,Olgierd,Rembisz,1982-03-25,22560531340,+48 784 901 495,user488@example.com,Makowa,108,,23-455,Malbork,Utrzymanie Ruchu,Mechanik,Umowa zlecenie,2020-02-14,-200,D,NIE,TAK,11,Monika Kus,+48 530 578 360,Ratownik górniczy
EMP-00489,Bianka,Bartel,1989-08-17,67872568621,537 244 472,user489@example.com,Cisowa,33,20,81-179,Kalisz,Mechaniczny,Młodszy Górnik,Umowa o pracę,2011-04-23,-100,A,NIE,TAK,1,Jerzy Ochal,+48 730 287 950,W trakcie szkolenia
EMP-00490,Robert,Fabiszak,1988-07-31,69067447163,505 809 351,user490@example.com,Konopnickiej,187,,65-455,Elbląg,Wentylacja,Kierownik Zmiany,Umowa B2B,2013-10-01,-500,B,TAK,TAK,5,Marek Węgrzynowicz,799 561 642,W trakcie szkolenia
EMP-00491,Olgierd,Grzenia,1967-06-07,63718923923,+48 515 749 025,user491@example.com,Spokojna,103,5,38-953,Legnica,Wentylacja,Sztygar,Umowa zlecenie,2019-12-25,-100,B,TAK,TAK,1,Dominik Ziarek,695 889 536,Badania ważne
EMP-00492,Krystian,Kasak,1999-09-03,10668433567,32 113 98 98,user492@example.com,Średnia,165,7,54-552,Nowa Ruda,Przeróbka,Sztygar,Umowa B2B,2010-07-15,-100,D,TAK,TAK,5,Liwia Mostek,519 788 754,Ratownik górniczy
EMP-00493,Andrzej,Cymer,1974-03-31,63502000534,725 375 137,user493@example.com,Średnia,156,13,53-371,Bytom,Utrzymanie Ruchu,Operator,Umowa B2B,2019-06-17,-400,C,NIE,TAK,6,pani Karina Wosiek,+48 579 376 392,Ratownik górniczy
EMP-00494,Kalina,Maziarczyk,2003-06-22,11082555989,+48 692 944 551,user494@example.com,Wąska,167,,53-432,Cieszyn,Administracja,Nadsztygar,Umowa na czas określony,2014-01-11,-300,B,TAK,TAK,2,Aurelia Rajda,+48 733 270 216,Uprawnienia SEP
EMP-00495,Natasza,Kawulok,1976-12-23,91093371189,572 060 212,user495@example.com,Dojazdowa,186,,68-941,Nysa,Mechaniczny,Geolog,Umowa zlecenie,2019-02-13,-300,C,NIE,TAK,3,Maks Szymańczyk,+48 508 341 559,Uprawnienia SEP
EMP-00496,Aleksander,Dybka,1990-10-17,84855716176,+48 885 767 647,user496@example.com,Zakole,43,77,18-752,Piotrków Trybunalski,Utrzymanie Ruchu,Kierownik Oddziału,Umowa B2B,2011-10-10,-500,A,TAK,TAK,10,Krystian Wenzel,509 957 657,
EMP-00497,Konstanty,Pindral,1973-07-06,36788127868,573 475 098,user497@example.com,Popiełuszki,103,78,75-521,Chojnice,Wentylacja,Operator,Umowa zlecenie,2021-11-18,-800,D,NIE,TAK,3,Kazimierz Biernacik,792 203 684,Badania ważne
EMP-00498,Oskar,Stawowczyk,1989-06-13,90878844344,782 144 773,user498@example.com,Miodowa,44,,37-962,Kędzierzyn-Koźle,Mechaniczny,Sztygar,Umowa zlecenie,2020-02-14,-500,A,TAK,TAK,1,Jerzy Wielgat,732 138 820,W trakcie szkolenia
EMP-00499,Rozalia,Łodej,1990-05-19,42403381059,+48 32 307 05 34,user499@example.com,Handlowa,22,71,55-750,Mińsk Mazowiecki,Utrzymanie Ruchu,Starszy Górnik,Umowa na czas określony,2010-08-27,-300,C,NIE,NIE,5,Agnieszka Erdmann,571 767 412,Ratownik górniczy
EMP-00500,Oliwier,Materek,2006-03-02,05342408916,+48 32 131 52 85,user500@example.com,Krakowska,161,,59-646,Świebodzice,Elektryczny,Górnik,Umowa zlecenie,2022-01-12,-650,C,NIE,TAK,5,Jędrzej Bacik,516 185 380,Uprawnienia SEP
EMP-00501,Andrzej,Czerepak,2004-05-30,62736527172,+48 696 334 727,user501@example.com,Targowa,46,25,94-509,Bełchatów,Utrzymanie Ruchu,Inspektor BHP,Umowa B2B,2020-04-25,-400,B,NIE,TAK,5,Konrad Krzysztoszek,538 306 178,Uprawnienia SEP
EMP-00502,Piotr,Downar,1990-11-22,69312163761,+48 794 969 357,user502@example.com,Daszyńskiego,187,,85-978,Piotrków Trybunalski,Geologia,Starszy Górnik,Umowa na czas określony,2021-09-04,-650,B,NIE,TAK,2,Jerzy Maciuszek,787 769 587,
EMP-00503,Stefan,Giedrojć,1978-04-06,02314290018,+48 535 361 275,user503@example.com,Bankowa,182,,15-356,Sandomierz,Utrzymanie Ruchu,Geolog,Umowa na czas określony,2013-08-07,-650,C,NIE,NIE,8,Hubert Maciejuk,+48 577 963 044,Uprawnienia SEP
EMP-00504,Kalina,Surdyk,1986-09-29,57230848100,+48 665 456 676,user504@example.com,Stroma,27,66,34-935,Radom,Utrzymanie Ruchu,Nadsztygar,Umowa o pracę,2024-08-19,-100,C,TAK,TAK,1,Ada Preś,725 047 639,Uprawnienia SEP
EMP-00505,Kamil,Jeszka,2001-06-20,62543617213,+48 725 298 006,user505@example.com,Kopernika,92,10,91-342,Skierniewice,Przeróbka,Kierownik Oddziału,Umowa B2B,2018-10-25,-100,C,TAK,TAK,1,Franciszek Nojek,695 832 863,Badania ważne
EMP-00506,Mariusz,Basa,1978-01-19,26859262494,+48 513 830 008,user506@example.com,Rynek,70,64,65-408,Wołomin,Transport,Starszy Górnik,Umowa o pracę,2012-08-27,-300,A,NIE,TAK,3,Damian Maćków,780 330 416,W trakcie szkolenia
EMP-00507,Jeremi,Kurzac,1992-08-27,52677119642,531 186 008,user507@example.com,Kosynierów,33,24,20-098,Świebodzice,BHP,Starszy Górnik,Umowa B2B,2012-02-27,-100,C,NIE,TAK,7,Eryk Trepczyk,+48 724 568 044,Operator maszyn
EMP-00508,Aurelia,Wojtalewicz,1984-10-19,69523668788,+48 504 613 684,user508@example.com,Niecała,99,11,37-930,Bartoszyce,Mechaniczny,Operator,Umowa zlecenie,2011-08-22,-400,B,NIE,TAK,4,Fryderyk Stosik,+48 576 581 739,Ratownik górniczy
EMP-00509,Jerzy,Pielach,2005-06-14,30587210552,887 914 521,user509@example.com,Poprzeczna,37,71,72-174,Ostrowiec Świętokrzyski,Wentylacja,Górnik,Umowa zlecenie,2016-07-14,-300,D,NIE,TAK,1,pan Maciej Walentynowicz,+48 509 789 307,W trakcie szkolenia
EMP-00510,Natan,Drożdżal,1976-07-11,12606501917,600 599 604,user510@example.com,Magnoliowa,8,19,27-774,Bielawa,Utrzymanie Ruchu,Starszy Górnik,Umowa o pracę,2015-02-14,-800,B,NIE,TAK,2,pan Damian Kontny,725 778 811,
EMP-00511,Hubert,Taczała,1983-06-22,62272847657,502 812 371,user511@example.com,Maja,74,,55-508,Nowy Sącz,Wydobycie,Inspektor BHP,Umowa o pracę,2011-04-11,-800,A,NIE,NIE,3,pan Mariusz Żymełka,+48 666 604 164,Badania ważne
EMP-00512,Jeremi,Damek,1995-03-30,06678498436,799 592 248,user512@example.com,Szewska,24,67,27-823,Turek,Utrzymanie Ruchu,Starszy Górnik,Umowa zlecenie,2024-06-22,-200,C,NIE,TAK,10,pani Apolonia Bociek,695 228 705,
EMP-00513,Krzysztof,Pacewicz,1983-02-05,62891775662,783 318 751,user513@example.com,Topolowa,166,,80-480,Giżycko,Transport,Sztygar,Umowa o pracę,2012-06-21,-100,C,TAK,TAK,2,Krzysztof Gorol,+48 738 350 344,Ratownik górniczy
EMP-00514,Janina,Osipowicz,1999-04-11,50342811390,785 964 883,user514@example.com,Konopnickiej,49,,76-157,Dąbrowa Górnicza,Wydobycie,Inspektor BHP,Umowa zlecenie,2024-04-10,-800,C,NIE,TAK,2,Konstanty Domian,739 128 965,Badania ważne
EMP-00515,Jacek,Zawartka,1989-06-21,09700514054,+48 889 732 033,user515@example.com,Kopernika,81,51,79-151,Koszalin,Utrzymanie Ruchu,Inspektor BHP,Umowa o pracę,2024-01-13,-400,B,NIE,TAK,7,Lidia Szarpak,505 102 876,W trakcie szkolenia
EMP-00516,Nela,Wiza,1993-01-14,18209679042,573 866 675,user516@example.com,Kamienna,21,,67-325,Police,Wentylacja,Elektryk,Umowa zlecenie,2015-05-19,-200,D,NIE,TAK,9,Bruno Granat,+48 734 268 774,Badania ważne
EMP-00517,Justyna,Kontny,1993-11-10,98572545960,882 057 563,user517@example.com,Rycerska,62,,72-898,Inowrocław,Utrzymanie Ruchu,Operator,Umowa na czas określony,2019-03-05,-650,D,NIE,TAK,1,Mariusz Komsta,+48 880 375 830,Uprawnienia SEP
EMP-00518,Leonard,Pokrzywa,1989-11-22,81717524214,+48 600 940 476,user518@example.com,Spokojna,91,,90-722,Przemyśl,Utrzymanie Ruchu,Nadsztygar,Umowa na czas określony,2015-05-27,-500,C,TAK,TAK,8,Adam Kukawka,22 079 77 27,Ratownik górniczy
EMP-00519,Inga,Smyl,1996-06-10,21970546692,570 509 222,user519@example.com,Wierzbowa,132,80,54-855,Opole,BHP,Mechanik,Umowa o pracę,2020-08-25,-400,C,NIE,TAK,9,Sara Czajor,+48 790 518 439,Operator maszyn
EMP-00520,Alex,Władyka,1995-12-11,09038021462,+48 792 958 066,user520@example.com,Żeglarska,19,29,86-063,Kielce,Elektryczny,Nadsztygar,Umowa o pracę,2015-06-21,-500,D,TAK,TAK,8,Nela Skała,+48 884 127 049,Operator maszyn
EMP-00521,Tymoteusz,Kasiak,1974-05-23,87112166365,+48 880 448 515,user521@example.com,Jeżynowa,88,78,73-857,Sandomierz,Wentylacja,Geolog,Umowa na czas określony,2018-04-24,-100,C,NIE,TAK,5,Sylwia Wowra,531 121 259,Operator maszyn
EMP-00522,Alan,Małysiak,1991-07-05,82723590960,503 571 343,user522@example.com,Sybiraków,111,,97-756,Włocławek,Wydobycie,Górnik,Umowa zlecenie,2010-05-01,-800,C,NIE,TAK,11,Mikołaj Toś,+48 794 242 956,Operator maszyn
EMP-00523,Ksawery,Wojtalik,1975-06-26,42121461476,784 741 759,user523@example.com,Gdańska,172,,45-791,Nowy Dwór Mazowiecki,Wydobycie,Nadsztygar,Umowa o pracę,2013-02-04,-500,B,TAK,TAK,6,pan Kacper Chołody,+48 696 289 365,Ratownik górniczy
EMP-00524,Stefan,Działo,1992-04-14,35677826596,798 841 834,user524@example.com,Wyszyńskiego,144,,60-268,Lublin,Przeróbka,Starszy Górnik,Umowa zlecenie,2021-03-20,-800,A,NIE,TAK,11,Eliza Parus,+48 732 727 955,W trakcie szkolenia
EMP-00525,Filip,Konstanty,1988-12-29,50272751648,+48 791 502 675,user525@example.com,Władysława Jagiełły,116,17,83-925,Tychy,Administracja,Operator,Umowa o pracę,2020-10-28,-650,A,NIE,TAK,4,Maurycy Gonet,667 820 797,W trakcie szkolenia
EMP-00526,Blanka,Winnik,1990-03-10,68296353390,22 345 95 76,user526@example.com,Złota,5,39,06-995,Pabianice,Mechaniczny,Sztygar,Umowa o pracę,2021-06-03,-300,C,TAK,TAK,11,Sandra Strawa,32 496 90 28,Operator maszyn
EMP-00527,Gaja,Wieja,1973-02-05,65586851276,+48 603 922 501,user527@example.com,Kazimierza Wielkiego,142,,99-145,Wodzisław Śląski,Mechaniczny,Kierownik Oddziału,Umowa na czas określony,2014-12-11,-300,B,TAK,TAK,5,pan Karol Kudłacik,502 324 412,W trakcie szkolenia
EMP-00528,Tomasz,Gadzina,1975-11-22,64911110961,722 850 725,user528@example.com,Żeromskiego,163,,61-564,Wągrowiec,Transport,Operator,Umowa na czas określony,2013-05-06,-400,A,NIE,TAK,4,Bruno Łuczyk,+48 786 731 625,Operator maszyn
EMP-00529,Arkadiusz,Rolak,1996-12-19,61371576605,786 968 157,user529@example.com,Jana,130,37,95-994,Bochnia,Transport,Elektryk,Umowa B2B,2012-03-12,-800,B,NIE,TAK,11,Borys Kaziród,+48 722 355 580,Uprawnienia SEP
EMP-00530,Igor,Bona,1990-11-13,60002589552,722 730 346,user530@example.com,Jana Pawła II,62,72,44-394,Wyszków,Wentylacja,Górnik,Umowa na czas określony,2022-05-12,-500,D,NIE,TAK,10,Kaja Dawidczyk,784 670 462,Operator maszyn
EMP-00531,Dominik,Bobko,1972-12-26,62658263128,+48 32 151 60 25,user531@example.com,Osiedlowa,196,,74-520,Kutno,BHP,Starszy Górnik,Umowa zlecenie,2021-03-22,-100,D,NIE,TAK,2,pan Andrzej Kala,+48 786 604 641,
EMP-00532,Aniela,Szmaj,1990-08-04,09209819602,887 585 126,user532@example.com,Plażowa,48,,98-393,Wałcz,Transport,Kierownik Oddziału,Umowa zlecenie,2023-03-13,-400,C,TAK,TAK,4,Krystian Słupek,799 438 976,W trakcie szkolenia
EMP-00533,Marcel,Godzwon,1968-05-21,40412091179,+48 577 509 546,user533@example.com,Władysława Jagiełły,37,37,87-304,Płońsk,Utrzymanie Ruchu,Kierownik Oddziału,Umowa o pracę,2014-08-19,-100,A,TAK,TAK,8,Rozalia Giers,664 560 754,Ratownik górniczy
EMP-00534,Maurycy,Wypiór,1991-11-19,61706171366,518 632 181,user534@example.com,Przemysłowa,42,24,94-149,Kłodzko,Wydobycie,Sztygar,Umowa zlecenie,2019-10-19,-300,D,TAK,NIE,11,pan Sebastian Łapaj,+48 539 389 701,Badania ważne
EMP-00535,Oskar,Nogieć,1979-07-05,15579980284,+48 601 546 602,user535@example.com,Sybiraków,156,,33-739,Wyszków,Mechaniczny,Górnik,Umowa zlecenie,2010-08-18,-100,B,NIE,TAK,6,Kornelia Przybycień,+48 32 394 49 88,
EMP-00536,Franciszek,Pleśniak,2000-08-12,05231244731,+48 697 364 248,user536@example.com,Turkusowa,120,64,06-620,Piaseczno,Mechaniczny,Sztygar,Umowa na czas określony,2014-01-03,-300,C,TAK,TAK,5,Ryszard Wiesiołek,506 306 244,Uprawnienia SEP
EMP-00537,Alex,Rawa,1984-12-10,46199423767,723 053 194,user537@example.com,Wiatraczna,82,,92-624,Knurów,Administracja,Sztygar,Umowa na czas określony,2022-12-30,-400,C,TAK,TAK,4,Gaja Cymer,+48 666 780 555,Badania ważne
EMP-00538,Marcelina,Warzybok,1980-04-19,51720849649,+48 887 382 646,user538@example.com,Sportowa,102,,85-873,Ząbki,Utrzymanie Ruchu,Kierownik Zmiany,Umowa B2B,2017-04-22,-800,C,TAK,TAK,3,Ada Wyrwał,881 385 445,Ratownik górniczy
EMP-00539,Marcin,Niewiara,1984-07-03,13552510505,+48 692 959 660,user539@example.com,Morcinka,146,,37-570,Piastów,Mechaniczny,Sztygar,Umowa o pracę,2017-09-08,-200,D,TAK,TAK,5,pan Rafał Zaczyk,606 911 633,Badania ważne
EMP-00540,Kajetan,Kosznik,2006-02-17,83184919665,666 865 369,user540@example.com,Radosna,51,,41-789,Skarżysko-Kamienna,Elektryczny,Sztygar,Umowa na czas określony,2019-05-21,-800,C,TAK,TAK,5,Alex Ornat,+48 668 636 774,Operator maszyn
EMP-00541,Kajetan,Żuchowicz,1999-06-28,17295963904,780 857 216,user541@example.com,Skośna,119,,84-429,Szczecinek,Geologia,Młodszy Górnik,Umowa o pracę,2017-05-23,-100,A,NIE,TAK,9,Rafał Smorąg,509 329 981,
EMP-00542,Michał,Stanuch,1990-06-05,01716445561,+48 723 297 150,user542@example.com,Lelewela,127,,77-905,Wyszków,Geologia,Kierownik Zmiany,Umowa B2B,2022-01-15,-500,C,TAK,TAK,8,Bianka Knapek,+48 22 327 53 27,W trakcie szkolenia
EMP-00543,Kazimierz,Grys,2003-12-06,59103002156,781 039 773,user543@example.com,Szewska,23,25,78-455,Zamość,Mechaniczny,Młodszy Górnik,Umowa o pracę,2025-02-24,-200,B,NIE,TAK,5,Marcelina Sass,+48 731 952 371,
EMP-00544,Kalina,Maślach,1966-09-20,04145964229,+48 607 616 481,user544@example.com,Kolonia,33,,78-663,Nowy Targ,Administracja,Młodszy Górnik,Umowa na czas określony,2010-07-14,-400,A,NIE,TAK,11,Monika Mikiciuk,22 046 05 68,
EMP-00545,Marcel,Hanc,1991-08-13,83977457314,604 912 565,user545@example.com,Reymonta,183,11,32-815,Sochaczew,Mechaniczny,Elektryk,Umowa zlecenie,2017-03-27,-800,C,NIE,TAK,12,Błażej Rawa,791 773 454,
EMP-00546,Aniela,Kidawa,1994-01-05,70303763715,739 490 228,user546@example.com,Wyzwolenia,195,40,04-227,Krosno,Utrzymanie Ruchu,Młodszy Górnik,Umowa o pracę,2015-06-09,-200,C,NIE,TAK,4,pani Roksana Gral,669 477 422,Ratownik górniczy
EMP-00547,Ernest,Fidler,1972-04-21,79836314624,+48 733 039 429,user547@example.com,Lipowa,38,,34-373,Kościan,Przeróbka,Kierownik Oddziału,Umowa zlecenie,2014-10-22,-800,A,TAK,TAK,8,Malwina Łakota,665 298 585,Uprawnienia SEP
EMP-00548,Alan,Bąbol,1981-07-25,07875418156,+48 607 276 015,user548@example.com,Grunwaldzka,102,65,40-212,Suwałki,Mechaniczny,Nadsztygar,Umowa B2B,2025-03-25,-200,B,TAK,TAK,8,Konstanty Jasionek,32 135 77 90,Ratownik górniczy
EMP-00549,Anna Maria,Rolak,2000-01-17,10663436294,723 506 158,user549@example.com,Wiejska,133,,35-567,Nowy Targ,Wydobycie,Kierownik Zmiany,Umowa zlecenie,2023-11-28,-500,D,TAK,TAK,4,Adam Fras,+48 698 334 233,
EMP-00550,Maciej,Zera,1994-01-11,09431814396,738 413 128,user550@example.com,Żwirowa,26,29,08-213,Głogów,Elektryczny,Górnik,Umowa zlecenie,2017-07-02,-400,D,NIE,TAK,4,Janina Wawrzeńczyk,+48 697 718 051,Ratownik górniczy
EMP-00551,Karol,Wawrzkiewicz,1974-04-20,49401289743,691 893 974,user551@example.com,Długosza,175,,02-596,Nowa Sól,Utrzymanie Ruchu,Geolog,Umowa B2B,2011-12-01,-200,C,NIE,TAK,3,Sara Gąsienica,+48 733 997 046,
EMP-00552,Kajetan,Cymer,1990-07-01,76502412095,+48 607 844 483,user552@example.com,Letnia,126,32,36-695,Bielawa,Przeróbka,Geolog,Umowa o pracę,2018-02-06,-400,A,NIE,TAK,10,Monika Duczmal,32 270 58 77,W trakcie szkolenia
EMP-00553,Kornelia,Beck,1972-12-20,38822114577,781 758 231,user553@example.com,Wojciecha,140,33,30-219,Zgierz,Transport,Nadsztygar,Umowa B2B,2011-01-29,-650,C,TAK,TAK,1,Alex Obarzanek,+48 607 149 392,Ratownik górniczy
EMP-00554,Ewa,Martyn,1979-05-25,58971480263,662 925 879,user554@example.com,Dobra,92,,93-276,Głogów,Wentylacja,Nadsztygar,Umowa na czas określony,2013-02-26,-650,B,TAK,TAK,4,Natasza Demiańczuk,22 452 45 55,W trakcie szkolenia
EMP-00555,Kamila,Irla,1984-06-07,36148782455,+48 510 606 527,user555@example.com,Lwowska,71,,36-020,Kluczbork,Wydobycie,Młodszy Górnik,Umowa B2B,2016-12-29,-400,D,NIE,NIE,2,Nikodem Maligłówka,+48 794 450 566,Operator maszyn
EMP-00556,Ksawery,Sierpień,1979-06-22,95410727284,699 874 113,user556@example.com,Zamkowa,78,63,42-741,Sopot,Przeróbka,Mechanik,Umowa B2B,2019-03-18,-500,B,NIE,TAK,8,pan Tobiasz Galos,+48 507 349 960,
EMP-00557,Jacek,Łodej,1970-07-03,49107406500,887 417 215,user557@example.com,Ciasna,90,,94-424,Legnica,Przeróbka,Sztygar,Umowa B2B,2020-07-08,-300,B,TAK,TAK,12,Julianna Harasimiuk,+48 693 817 359,Uprawnienia SEP
EMP-00558,Dagmara,Materka,1988-04-22,91430753666,22 402 15 57,user558@example.com,Sybiraków,78,77,28-189,Ostrołęka,Utrzymanie Ruchu,Kierownik Oddziału,Umowa na czas określony,2020-11-12,-100,C,TAK,TAK,10,pan Olaf Kucab,793 449 021,Uprawnienia SEP
EMP-00559,Ada,Mostek,1992-02-19,34268344149,518 085 096,user559@example.com,Sportowa,140,24,65-895,Świętochłowice,Geologia,Geolog,Umowa o pracę,2017-01-10,-650,D,NIE,TAK,9,pan Stefan Miotke,+48 731 191 818,Operator maszyn
EMP-00560,Dawid,Pasiak,1972-10-09,58575676670,+48 539 316 477,user560@example.com,Koralowa,197,,20-667,Starachowice,Utrzymanie Ruchu,Operator,Umowa B2B,2018-06-12,-500,A,NIE,TAK,10,Grzegorz Słomiany,+48 695 786 069,Badania ważne
EMP-00561,Tobiasz,Talaśka,1978-03-13,29894062607,503 562 439,user561@example.com,Wysoka,14,,99-335,Nowy Targ,Transport,Kierownik Zmiany,Umowa o pracę,2020-04-03,-800,D,TAK,TAK,10,pan Ernest Urynowicz,+48 695 923 234,
EMP-00562,Maciej,Bidas,1973-09-15,97501980382,608 515 533,user562@example.com,Rzemieślnicza,35,,39-168,Świdnik,Transport,Nadsztygar,Umowa B2B,2010-06-07,-500,D,TAK,TAK,8,Jerzy Szarejko,32 502 71 60,Badania ważne
EMP-00563,Nikodem,Zapadka,1984-03-15,31102918133,517 763 369,user563@example.com,Jesionowa,7,65,12-993,Jelenia Góra,Geologia,Operator,Umowa o pracę,2022-03-27,-100,D,NIE,TAK,5,Miłosz Bąbel,691 795 563,Operator maszyn
EMP-00564,Dorota,Gamoń,1974-11-09,23849791620,+48 574 817 006,user564@example.com,Willowa,191,,52-985,Tychy,Mechaniczny,Mechanik,Umowa zlecenie,2011-06-30,-200,B,NIE,TAK,8,pani Roksana Mateńko,536 431 670,Ratownik górniczy
EMP-00565,Kazimierz,Denkiewicz,2004-06-30,19754661766,603 290 282,user565@example.com,Stawowa,73,,89-482,Zambrów,Administracja,Nadsztygar,Umowa na czas określony,2014-07-08,-200,A,TAK,TAK,10,Stanisław Wlazły,+48 32 345 96 26,Ratownik górniczy
EMP-00566,Krystian,Niedośpiał,1973-05-05,97052774025,+48 32 251 20 73,user566@example.com,Stycznia,90,68,52-641,Rumia,Mechaniczny,Górnik,Umowa o pracę,2025-05-25,-500,B,NIE,TAK,11,Kazimierz Utrata,+48 32 050 70 26,Uprawnienia SEP
EMP-00567,Anna Maria,Kapral,1968-04-21,95724461767,661 053 161,user567@example.com,Jodłowa,148,65,61-476,Żyrardów,Utrzymanie Ruchu,Kierownik Zmiany,Umowa B2B,2016-03-14,-500,B,TAK,NIE,10,pan Emil Jośko,+48 730 477 425,Ratownik górniczy
EMP-00568,Patryk,Aleksa,1992-09-12,96100231177,+48 579 323 822,user568@example.com,Grunwaldzka,198,,85-085,Piastów,Utrzymanie Ruchu,Inspektor BHP,Umowa na czas określony,2016-01-05,-300,B,NIE,TAK,2,Olga Sochaj,+48 721 334 245,
EMP-00569,Tola,Roskosz,1994-11-11,41017590251,+48 609 425 652,user569@example.com,Perłowa,97,,95-958,Lublin,Wentylacja,Inspektor BHP,Umowa B2B,2017-08-07,-650,D,NIE,TAK,8,Franciszek Koloch,692 020 326,W trakcie szkolenia
EMP-00570,Karina,Tonder,1979-05-07,33268319013,883 967 379,user570@example.com,Poznańska,2,47,70-451,Opole,Administracja,Nadsztygar,Umowa o pracę,2019-05-29,-100,B,TAK,TAK,3,Ida Staciwa,792 457 871,W trakcie szkolenia
EMP-00571,Eliza,Bobryk,1993-03-01,87339785598,535 608 213,user571@example.com,Gałczynskiego,18,57,15-124,Żywiec,Geologia,Operator,Umowa o pracę,2015-08-19,-800,B,NIE,NIE,2,Hubert Fiutak,884 768 182,Uprawnienia SEP
EMP-00572,Apolonia,Gasik,1982-05-07,41173098503,603 035 892,user572@example.com,Wilcza,65,50,68-538,Częstochowa,Przeróbka,Elektryk,Umowa zlecenie,2025-06-24,-800,C,NIE,TAK,2,pani Sylwia Osman,665 212 932,Badania ważne
EMP-00573,Kaja,Szarzec,1988-01-29,38984690819,694 064 686,user573@example.com,Krańcowa,168,,60-330,Tarnów,BHP,Inspektor BHP,Umowa na czas określony,2025-09-15,-400,C,NIE,TAK,4,Jakub Koj,738 439 910,Ratownik górniczy
EMP-00574,Karina,Malka,1996-08-26,23850371990,663 626 693,user574@example.com,Listopada,107,,45-073,Suwałki,Mechaniczny,Górnik,Umowa na czas określony,2012-04-22,-300,A,NIE,TAK,5,Sebastian Troka,+48 501 923 724,W trakcie szkolenia
EMP-00575,Ignacy,Koniecko,1996-11-13,10783567430,788 197 374,user575@example.com,Jesionowa,199,26,70-761,Września,Wydobycie,Górnik,Umowa na czas określony,2010-03-06,-100,A,NIE,TAK,7,pan Piotr Bobik,32 540 64 17,Operator maszyn
EMP-00576,Ada,Krauza,1983-06-25,26682171955,783 811 995,user576@example.com,Źródlana,112,,86-507,Bartoszyce,Wentylacja,Operator,Umowa o pracę,2012-10-08,-200,C,NIE,NIE,1,Sandra Oszust,+48 731 444 856,Uprawnienia SEP
EMP-00577,Maurycy,Lewko,1993-02-14,89003010272,501 739 739,user577@example.com,Fredry,81,,86-273,Dąbrowa Górnicza,Transport,Kierownik Oddziału,Umowa zlecenie,2014-02-18,-300,A,TAK,NIE,7,pan Emil Madziar,+48 22 609 19 19,Operator maszyn
EMP-00578,Tadeusz,Cis,1970-03-29,11148375374,+48 699 660 577,user578@example.com,Krokusowa,168,32,67-039,Piaseczno,BHP,Geolog,Umowa o pracę,2025-11-24,-300,C,NIE,TAK,6,Szymon Lesner,+48 692 051 460,Operator maszyn
EMP-00579,Iwo,Andruszko,1995-08-10,97413283483,22 553 47 05,user579@example.com,Gałczynskiego,186,,90-651,Łomża,Wentylacja,Operator,Umowa na czas określony,2023-12-20,-100,C,NIE,TAK,2,Nikodem Dułak,32 856 52 71,
EMP-00580,Olaf,Januchta,1979-10-18,04496410496,22 411 65 97,user580@example.com,Szczęśliwa,98,50,24-775,Kołobrzeg,Wydobycie,Mechanik,Umowa zlecenie,2020-02-20,-400,A,NIE,TAK,7,Błażej Kalista,+48 797 557 522,Uprawnienia SEP
EMP-00581,Elżbieta,Kędziorek,1979-05-10,68040850954,+48 608 488 269,user581@example.com,Ściegiennego,194,4,10-204,Ruda Śląska,Administracja,Geolog,Umowa na czas określony,2011-11-01,-800,B,NIE,TAK,12,Olga Cichos,732 585 626,W trakcie szkolenia
EMP-00582,Gustaw,Jeszka,1970-08-03,18648769984,+48 691 537 038,user582@example.com,Miła,120,,86-281,Szczecin,Wydobycie,Górnik,Umowa B2B,2025-09-21,-200,D,NIE,TAK,2,pan Mieszko Simon,723 732 043,Uprawnienia SEP
EMP-00583,Karina,Wosiak,2005-01-10,45960945449,+48 536 889 362,user583@example.com,Hallera,79,73,75-410,Gorlice,Transport,Elektryk,Umowa zlecenie,2024-02-07,-100,A,NIE,TAK,8,Robert Smolka,+48 32 546 55 35,
EMP-00584,Łukasz,Butrym,1988-01-22,07057836091,+48 22 389 21 87,user584@example.com,Jabłoniowa,17,,41-108,Łowicz,Transport,Mechanik,Umowa B2B,2011-04-08,-300,C,NIE,TAK,8,Nataniel Krywult,+48 798 374 907,Uprawnienia SEP
EMP-00585,Justyna,Kijanka,1991-03-13,22903102879,660 878 057,user585@example.com,Lisia,142,,19-066,Pszczyna,Transport,Sztygar,Umowa B2B,2018-03-05,-300,A,TAK,TAK,11,pani Anita Wajdzik,+48 694 097 626,Ratownik górniczy
EMP-00586,Julita,Duchnik,1975-01-20,09351187181,+48 784 539 862,user586@example.com,Lwowska,84,74,70-698,Bochnia,Geologia,Elektryk,Umowa o pracę,2017-06-08,-200,B,NIE,TAK,5,pani Inga Moryc,+48 795 911 918,Uprawnienia SEP
EMP-00587,Eryk,Niedźwiadek,1982-12-29,59556574902,+48 722 207 151,user587@example.com,Poprzeczna,75,,52-588,Bartoszyce,Przeróbka,Górnik,Umowa zlecenie,2012-08-26,-300,A,NIE,TAK,9,Kalina Czubaszek,+48 797 252 145,W trakcie szkolenia
EMP-00588,Iwo,Zadka,1973-07-16,89536902611,532 463 351,user588@example.com,Dworska,138,,58-770,Rybnik,Administracja,Operator,Umowa na czas określony,2017-01-28,-200,D,NIE,TAK,9,Michał Doliwa,+48 720 805 120,Operator maszyn
EMP-00589,Jan,Słyk,2004-12-27,43943535375,+48 504 099 512,user589@example.com,Prosta,178,31,82-636,Olkusz,Geologia,Kierownik Zmiany,Umowa B2B,2018-09-13,-650,A,TAK,TAK,6,Julita Owsiak,881 295 927,Badania ważne
EMP-00590,Kajetan,Kierat,1994-09-13,15793763928,607 090 814,user590@example.com,Grzybowa,173,,14-358,Pszczyna,Administracja,Elektryk,Umowa B2B,2024-06-19,-200,D,NIE,TAK,6,Tola Pietraszkiewicz,661 739 295,Ratownik górniczy
EMP-00591,Krystyna,Stwora,2003-12-16,16682973270,+48 507 181 535,user591@example.com,Reymonta,108,34,31-984,Oleśnica,Przeróbka,Młodszy Górnik,Umowa zlecenie,2025-04-09,-200,A,NIE,TAK,7,Olga Patyna,880 791 815,
EMP-00592,Ewelina,Mesjasz,2002-12-02,21288665268,+48 508 345 273,user592@example.com,Grzybowa,31,44,81-437,Zduńska Wola,Administracja,Operator,Umowa o pracę,2019-04-05,-200,C,NIE,TAK,2,Albert Kawula,+48 570 715 879,W trakcie szkolenia
EMP-00593,Stefan,Stypka,1981-12-30,76764722981,+48 780 803 149,user593@example.com,Sybiraków,152,76,74-556,Jelenia Góra,Elektryczny,Kierownik Zmiany,Umowa na czas określony,2018-03-08,-200,A,TAK,TAK,8,pani Anna Maria Faryna,514 635 806,Uprawnienia SEP
EMP-00594,Kajetan,Beker,1995-12-27,94134750988,880 317 235,user594@example.com,Długa,74,42,92-209,Brzeg,BHP,Elektryk,Umowa zlecenie,2018-08-14,-500,D,NIE,TAK,1,Anita Działa,+48 720 063 140,W trakcie szkolenia
EMP-00595,Kornel,Wojtalik,2002-08-15,36849951542,+48 503 560 229,user595@example.com,Paderewskiego,71,63,80-685,Kędzierzyn-Koźle,Wentylacja,Operator,Umowa zlecenie,2020-11-05,-100,C,NIE,TAK,5,Anita Puch,+48 22 434 60 66,Badania ważne
EMP-00596,Rafał,Łaś,1981-07-12,34213882090,32 749 06 07,user596@example.com,Osiedlowa,2,,85-707,Suwałki,BHP,Młodszy Górnik,Umowa zlecenie,2023-11-09,-500,B,NIE,TAK,10,Oliwier Sycz,667 128 524,Operator maszyn
EMP-00597,Ewa,Wendt,2004-08-28,78274117674,+48 664 494 116,user597@example.com,Rzemieślnicza,72,15,12-569,Olkusz,Przeróbka,Operator,Umowa zlecenie,2021-10-04,-100,B,NIE,TAK,6,Hubert Sito,517 711 306,Uprawnienia SEP
EMP-00598,Krzysztof,Dybiec,1973-10-28,54781506185,+48 519 572 790,user598@example.com,Bydgoska,163,,65-786,Inowrocław,Utrzymanie Ruchu,Elektryk,Umowa na czas określony,2022-07-16,-200,A,NIE,TAK,11,Alex Szymonik,+48 690 254 257,Uprawnienia SEP
EMP-00599,Kamila,Cukier,1974-06-21,72727423183,604 813 235,user599@example.com,Orkana,18,,93-450,Szczecin,Utrzymanie Ruchu,Nadsztygar,Umowa o pracę,2020-08-04,-100,D,TAK,TAK,12,pan Marcel Stuglik,+48 604 822 850,Ratownik górniczy
EMP-00600,Eliza,Kopytko,1970-11-25,69357824347,509 255 021,user600@example.com,Szewska,154,46,30-007,Kołobrzeg,Transport,Inspektor BHP,Umowa o pracę,2011-01-27,-400,D,NIE,TAK,2,Sylwia Franczuk,22 691 30 98,Ratownik górniczy
EMP-00601,Lidia,Szałata,1969-05-27,75361275156,+48 736 496 737,user601@example.com,Ptasia,199,62,33-354,Kłodzko,Administracja,Kierownik Oddziału,Umowa na czas określony,2020-09-02,-650,B,TAK,TAK,1,pan Igor Uziębło,+48 665 324 264,Ratownik górniczy
EMP-00602,Michał,Doroz,2001-09-21,83608545667,+48 32 420 76 83,user602@example.com,Starowiejska,67,7,17-861,Gorlice,Elektryczny,Nadsztygar,Umowa zlecenie,2016-01-20,-400,D,TAK,TAK,11,pani Marika Sąsiadek,+48 517 776 755,
EMP-00603,Liwia,Zagrodnik,1979-06-27,76392831995,723 393 957,user603@example.com,Szmaragdowa,185,3,98-812,Sieradz,Przeróbka,Nadsztygar,Umowa B2B,2016-07-23,-200,A,TAK,TAK,9,pani Sara Gros,607 187 496,
EMP-00604,Bianka,Kupaj,1968-06-24,08358328634,666 862 703,user604@example.com,Kasprowicza,96,43,73-684,Jelenia Góra,Wentylacja,Geolog,Umowa zlecenie,2013-07-28,-800,B,NIE,TAK,1,Sylwia Mandrysz,606 932 657,
EMP-00605,Ada,Klatka,1976-04-09,18670244033,+48 729 801 110,user605@example.com,Szkolna,192,16,07-340,Ruda Śląska,Geologia,Elektryk,Umowa zlecenie,2022-02-22,-100,C,NIE,TAK,2,pani Monika Bender,603 415 959,
EMP-00606,Natan,Koćwin,2002-08-16,86008921963,664 418 222,user606@example.com,Towarowa,83,,16-546,Pruszcz Gdański,Transport,Młodszy Górnik,Umowa B2B,2017-05-06,-800,C,NIE,TAK,4,Damian Mordal,+48 667 431 271,
EMP-00607,Fryderyk,Czak,1996-09-02,97646136847,+48 507 209 579,user607@example.com,Handlowa,98,3,24-459,Gdańsk,Geologia,Nadsztygar,Umowa B2B,2012-03-25,-300,B,TAK,TAK,12,pan Alan Leśko,881 229 462,
EMP-00608,Konrad,Wisła,1970-11-19,39063757914,794 159 709,user608@example.com,Piwna,162,,54-174,Radomsko,Mechaniczny,Mechanik,Umowa zlecenie,2025-05-17,-300,B,NIE,TAK,8,Eryk Korab,738 075 203,Badania ważne
EMP-00609,Kornelia,Ruchała,1994-06-19,12697893074,514 715 802,user609@example.com,Podmiejska,190,,02-753,Ząbki,Wydobycie,Sztygar,Umowa B2B,2014-04-30,-400,C,TAK,NIE,10,Emil Kłosowicz,697 660 465,Operator maszyn
EMP-00610,Kaja,Kubrak,1981-02-11,43878753577,+48 795 254 837,user610@example.com,Traugutta,27,,35-086,Jarosław,Geologia,Górnik,Umowa zlecenie,2018-06-06,-500,A,NIE,TAK,3,Alex Kuźnia,+48 601 021 312,Badania ważne
EMP-00611,Marek,Ficoń,1981-05-19,12371067287,531 005 912,user611@example.com,Wypoczynkowa,103,2,81-989,Knurów,Przeróbka,Operator,Umowa na czas określony,2012-07-13,-200,D,NIE,TAK,12,pani Inga Smutek,512 312 110,W trakcie szkolenia
EMP-00612,Nikodem,Krochmal,1983-10-06,85959224839,+48 791 658 373,user612@example.com,Lotnicza,133,78,64-620,Kluczbork,Elektryczny,Nadsztygar,Umowa na czas określony,2021-04-10,-650,C,TAK,TAK,6,Natasza Nowrot,+48 889 072 801,W trakcie szkolenia
EMP-00613,Julian,Majzner,1973-06-24,22870562271,+48 669 311 325,user613@example.com,Solidarnosci,180,,30-167,Otwock,Przeróbka,Operator,Umowa na czas określony,2013-04-02,-100,C,NIE,TAK,2,Klara Lelito,+48 734 364 538,
EMP-00614,Iwo,Hornik,1966-09-22,79215835034,32 210 17 50,user614@example.com,Żabia,150,40,97-838,Nowa Sól,Administracja,Inspektor BHP,Umowa na czas określony,2024-08-23,-300,D,NIE,TAK,9,Adrianna Rykała,+48 881 595 919,Badania ważne
EMP-00615,Aniela,Gabara,1976-12-10,31921342491,+48 887 574 758,user615@example.com,Makuszyńskiego,85,74,25-234,Bochnia,Administracja,Geolog,Umowa na czas określony,2023-10-23,-200,D,NIE,TAK,3,Maciej Jakóbik,886 775 677,
EMP-00616,Ernest,Giedrojć,1984-07-13,31922270510,502 562 650,user616@example.com,Fredry,109,61,85-928,Jelenia Góra,Transport,Sztygar,Umowa o pracę,2012-05-03,-200,D,TAK,TAK,9,Tola Zacharek,691 067 245,Operator maszyn
EMP-00617,Damian,Kiepura,1974-05-10,67548581932,22 843 37 97,user617@example.com,Zwycięstwa,183,19,56-971,Słupsk,Mechaniczny,Kierownik Oddziału,Umowa na czas określony,2018-03-06,-650,C,TAK,TAK,12,pan Kajetan Baszak,535 794 238,Ratownik górniczy
EMP-00618,Urszula,Eckert,2004-03-06,18652057563,504 254 969,user618@example.com,Prusa,98,,77-133,Police,Wydobycie,Geolog,Umowa zlecenie,2023-03-20,-500,B,NIE,TAK,6,Cyprian Bystrek,882 597 107,Badania ważne
EMP-00619,Arkadiusz,Puc,1981-03-30,09451548094,725 748 595,user619@example.com,Wiklinowa,165,62,25-924,Zielona Góra,Wydobycie,Sztygar,Umowa B2B,2014-01-18,-100,C,TAK,TAK,11,pani Nicole Cacko,+48 723 379 705,
EMP-00620,Tymon,Krzyżostaniak,1986-11-19,07977278105,791 877 941,user620@example.com,Błękitna,181,,50-797,Mysłowice,Przeróbka,Inspektor BHP,Umowa na czas określony,2011-07-29,-100,B,NIE,TAK,1,Julian Nagel,+48 22 073 30 55,Operator maszyn
EMP-00621,Tymon,Kurbiel,1999-06-09,05184390552,735 759 833,user621@example.com,Głogowa,133,2,78-124,Pruszków,Geologia,Geolog,Umowa o pracę,2017-12-08,-500,C,NIE,TAK,4,Eryk Piaseczna,+48 32 843 66 04,Badania ważne
EMP-00622,Szymon,Kozaczuk,1976-11-19,41270493862,+48 736 157 276,user622@example.com,Brzechwy,80,36,21-609,Mińsk Mazowiecki,Przeróbka,Starszy Górnik,Umowa B2B,2012-05-15,-650,A,NIE,TAK,10,pani Róża Strzoda,733 974 292,W trakcie szkolenia
EMP-00623,Mikołaj,Godzwon,1979-05-11,97111212590,798 752 568,user623@example.com,Parkowa,3,28,81-445,Kętrzyn,Elektryczny,Młodszy Górnik,Umowa o pracę,2010-04-12,-800,B,NIE,TAK,5,pani Justyna Stachelek,+48 720 459 908,W trakcie szkolenia
EMP-00624,Adrian,Smagacz,1968-09-05,32406424295,531 221 823,user624@example.com,Jana Pawła II,49,,97-369,Tarnobrzeg,Utrzymanie Ruchu,Geolog,Umowa B2B,2021-10-17,-400,B,NIE,TAK,12,pani Anastazja Kaszkowiak,32 176 80 86,Operator maszyn
EMP-00625,Marcin,Hołota,1992-02-12,17595587209,22 137 21 43,user625@example.com,Norwida,138,,08-661,Pszczyna,Geologia,Nadsztygar,Umowa B2B,2016-07-06,-400,B,TAK,TAK,4,Mikołaj Czuryło,22 370 03 32,Ratownik górniczy
EMP-00626,Alex,Jędrasiak,2004-08-15,88418343740,+48 506 084 706,user626@example.com,Lipca,122,18,09-042,Lubin,Administracja,Operator,Umowa B2B,2012-04-06,-100,B,NIE,TAK,10,Nikodem Olchawa,+48 697 051 958,Operator maszyn
EMP-00627,Bruno,Leszczyk,2002-05-22,90515026755,+48 660 944 858,user627@example.com,Szeroka,48,46,21-855,Lubin,Utrzymanie Ruchu,Geolog,Umowa na czas określony,2012-09-13,-650,A,NIE,TAK,3,Józef Mysiak,794 614 707,
EMP-00628,Ida,Dumin,1990-07-31,97996673459,+48 503 210 613,user628@example.com,Orzechowa,174,52,98-584,Świebodzice,Wydobycie,Mechanik,Umowa zlecenie,2020-09-17,-300,D,NIE,TAK,2,Bruno Bzdęga,+48 694 570 394,Operator maszyn
EMP-00629,Bartek,Kieszek,1975-02-12,49690282498,22 253 76 57,user629@example.com,Młynarska,34,,78-772,Jastrzębie-Zdrój,Przeróbka,Kierownik Oddziału,Umowa B2B,2010-05-24,-200,B,TAK,TAK,6,pan Konstanty Niksa,783 191 009,Operator maszyn
EMP-00630,Jacek,Wandzel,1968-06-11,27023244123,787 692 105,user630@example.com,Konwaliowa,112,,83-196,Świdnik,Utrzymanie Ruchu,Kierownik Oddziału,Umowa B2B,2010-03-09,-800,B,TAK,TAK,8,pani Róża Grycz,+48 730 401 424,Uprawnienia SEP
EMP-00631,Gabriel,Tułacz,1984-09-20,17863767316,+48 730 720 113,user631@example.com,Urocza,196,18,75-712,Oława,BHP,Kierownik Zmiany,Umowa B2B,2025-05-01,-200,C,TAK,TAK,10,Jeremi Drozda,+48 799 712 316,Operator maszyn
EMP-00632,Sonia,Spólnik,1993-07-25,15790392355,22 762 09 01,user632@example.com,Korfantego,157,77,36-727,Bełchatów,Przeróbka,Elektryk,Umowa zlecenie,2010-06-29,-300,A,NIE,TAK,8,pan Łukasz Drywa,+48 784 337 009,Uprawnienia SEP
EMP-00633,Marika,Kaletka,1999-11-11,34615626244,720 451 957,user633@example.com,Zaciszna,9,34,70-168,Rumia,Utrzymanie Ruchu,Górnik,Umowa zlecenie,2017-02-27,-400,D,NIE,TAK,11,pani Natasza Reiter,+48 735 629 657,Badania ważne
EMP-00634,Tymon,Nocek,2005-10-14,71516025298,+48 787 865 619,user634@example.com,Mostowa,3,63,18-341,Tarnobrzeg,Geologia,Młodszy Górnik,Umowa o pracę,2022-08-14,-400,D,NIE,TAK,7,pan Albert Brojek,+48 22 205 82 95,Ratownik górniczy
EMP-00635,Damian,Kozień,1988-01-20,19785758512,+48 32 923 61 61,user635@example.com,Torowa,173,,70-043,Dzierżoniów,Wydobycie,Operator,Umowa B2B,2023-09-07,-400,D,NIE,NIE,5,Aurelia Bosek,738 235 715,Uprawnienia SEP
EMP-00636,Krystyna,Gryszkiewicz,1995-09-20,97607401775,+48 606 395 613,user636@example.com,Szczęśliwa,65,55,83-465,Grudziądz,Transport,Elektryk,Umowa o pracę,2023-02-08,-100,C,NIE,TAK,5,Jakub Odrzywołek,+48 32 817 21 43,Uprawnienia SEP
EMP-00637,Nikodem,Ćwirko,1996-09-04,56075409150,+48 731 300 041,user637@example.com,Fabryczna,64,,24-848,Łaziska Górne,Mechaniczny,Nadsztygar,Umowa o pracę,2014-12-24,-500,D,TAK,TAK,12,Krzysztof Suchta,+48 531 656 094,Uprawnienia SEP
EMP-00638,Emil,Sadłocha,1980-03-03,76457938970,+48 729 799 070,user638@example.com,Gołębia,96,,41-360,Bydgoszcz,Administracja,Geolog,Umowa o pracę,2016-03-01,-100,C,NIE,TAK,9,Lidia Schwarz,+48 32 681 69 95,W trakcie szkolenia
EMP-00639,Szymon,Cukier,2004-05-29,54660241613,517 174 811,user639@example.com,Gajowa,78,,93-851,Jawor,Wydobycie,Młodszy Górnik,Umowa B2B,2021-04-06,-500,C,NIE,NIE,8,Agnieszka Dorobisz,+48 885 397 054,Uprawnienia SEP
EMP-00640,Aniela,Betlej,1988-07-19,42480962440,+48 726 102 908,user640@example.com,Dąbrowskiej,5,,09-515,Piotrków Trybunalski,Transport,Kierownik Oddziału,Umowa B2B,2021-07-30,-400,B,TAK,TAK,10,pan Nataniel Sapa,+48 508 049 187,W trakcie szkolenia
EMP-00641,Miłosz,Brach,1973-05-26,13305319497,789 561 213,user641@example.com,Irysowa,163,77,63-256,Kraków,Mechaniczny,Kierownik Zmiany,Umowa na czas określony,2017-06-06,-500,D,TAK,TAK,9,Kajetan Wygoda,+48 500 423 597,
EMP-00642,Oliwier,Kroll,1975-08-05,55572773826,662 299 077,user642@example.com,Turystyczna,9,,90-441,Gdańsk,Elektryczny,Kierownik Zmiany,Umowa B2B,2017-04-24,-300,D,TAK,TAK,4,pani Anastazja Kuk,514 686 111,W trakcie szkolenia
EMP-00643,Maurycy,Cimoch,1976-12-15,54457702992,+48 508 321 021,user643@example.com,Handlowa,145,56,24-681,Piła,Wydobycie,Elektryk,Umowa B2B,2025-08-07,-500,C,NIE,TAK,12,pan Konstanty Szabla,+48 571 296 180,Operator maszyn
EMP-00644,Łukasz,Pyś,1975-09-26,68269116331,+48 796 050 801,user644@example.com,Popiełuszki,46,21,86-273,Śrem,Mechaniczny,Sztygar,Umowa na czas określony,2012-06-04,-500,C,TAK,TAK,4,Emil Zadworny,+48 32 253 73 37,Operator maszyn
EMP-00645,Tymoteusz,Drewniok,1985-07-29,45515888636,+48 668 122 821,user645@example.com,Jesienna,74,,66-075,Swarzędz,Utrzymanie Ruchu,Inspektor BHP,Umowa na czas określony,2013-07-10,-400,D,NIE,TAK,1,Witold Chojna,32 653 46 06,Badania ważne
EMP-00646,Ewa,Jop,1968-02-28,72169666309,695 679 327,user646@example.com,Cedrowa,157,,66-911,Sieradz,Administracja,Kierownik Zmiany,Umowa na czas określony,2015-04-09,-200,B,TAK,TAK,6,Tadeusz Stąpór,+48 604 716 906,Badania ważne
EMP-00647,Tymon,Tomzik,1969-02-05,29715096883,+48 730 546 475,user647@example.com,Żwirowa,118,,69-620,Świętochłowice,Utrzymanie Ruchu,Sztygar,Umowa na czas określony,2011-05-25,-800,B,TAK,TAK,6,Natasza Knapek,+48 576 989 992,Uprawnienia SEP
EMP-00648,Marika,Czupryn,1985-03-20,10397739732,+48 668 914 444,user648@example.com,Zaułek,155,,66-234,Racibórz,Wentylacja,Nadsztygar,Umowa na czas określony,2011-07-01,-400,A,TAK,TAK,1,pani Ewelina Przeniosło,884 358 644,W trakcie szkolenia
EMP-00649,Rafał,Szymków,1990-05-10,68761648198,+48 722 435 885,user649@example.com,Rzeczna,113,,60-596,Dzierżoniów,Transport,Górnik,Umowa na czas określony,2021-01-05,-650,A,NIE,TAK,6,Ignacy Cyba,+48 884 339 527,Operator maszyn
EMP-00650,Jeremi,Skonieczka,1981-06-11,87611249125,+48 538 524 914,user650@example.com,Jesionowa,37,32,49-833,Żywiec,Wentylacja,Operator,Umowa B2B,2016-06-10,-400,C,NIE,TAK,6,Jakub Bryja,694 778 948,W trakcie szkolenia
EMP-00651,Mikołaj,Ciepła,1989-02-21,17734547574,+48 737 917 665,user651@example.com,Strażacka,153,,18-186,Wałbrzych,Utrzymanie Ruchu,Operator,Umowa B2B,2013-04-11,-500,C,NIE,TAK,4,pani Blanka Jachimczak,534 188 421,Ratownik górniczy
EMP-00652,Gabriel,Brach,2003-06-23,54429477422,+48 789 001 594,user652@example.com,Jadwigi,99,,56-247,Pabianice,Wydobycie,Inspektor BHP,Umowa zlecenie,2021-04-17,-200,C,NIE,NIE,5,Anita Gregorczuk,738 532 089,Uprawnienia SEP
EMP-00653,Ernest,Łukowiak,1979-02-11,04588679252,+48 669 021 994,user653@example.com,Wybickiego,134,48,16-098,Leszno,Elektryczny,Inspektor BHP,Umowa zlecenie,2013-08-13,-500,C,NIE,TAK,8,Borys Drobny,+48 539 223 410,Uprawnienia SEP
EMP-00654,Elżbieta,Serwach,1975-12-30,60153433249,+48 726 733 116,user654@example.com,Wiązowa,167,26,57-454,Legnica,Elektryczny,Mechanik,Umowa na czas określony,2015-01-27,-800,A,NIE,NIE,11,Fryderyk Matulewicz,+48 664 376 855,
EMP-00655,Tobiasz,Srokosz,1967-04-10,83350615814,+48 539 352 196,user655@example.com,Miodowa,15,,52-213,Stargard Szczeciński,Wentylacja,Operator,Umowa B2B,2018-05-07,-500,A,NIE,TAK,12,pani Marika Buszka,724 369 709,W trakcie szkolenia
EMP-00656,Aniela,Grzywnowicz,1976-03-16,37209484131,+48 32 069 55 60,user656@example.com,Wałowa,16,,56-742,Mikołów,Wentylacja,Sztygar,Umowa na czas określony,2021-06-21,-200,C,TAK,TAK,2,Dawid Nikołajuk,735 345 472,Badania ważne
EMP-00657,Eliza,Stąpór,1973-03-09,51371717318,+48 603 065 031,user657@example.com,Lotnicza,154,63,21-095,Turek,Administracja,Górnik,Umowa o pracę,2024-01-15,-500,B,NIE,NIE,7,Iwo Stypa,+48 604 724 264,
EMP-00658,Kalina,Padło,2001-04-14,73997046947,668 131 909,user658@example.com,Malczewskiego,85,65,95-181,Świdnica,Mechaniczny,Operator,Umowa B2B,2013-01-22,-650,B,NIE,TAK,5,pan Karol Księżak,503 911 142,Badania ważne
EMP-00659,Bianka,Majtczak,1987-10-21,54884712705,882 282 305,user659@example.com,Partyzantów,127,,99-279,Lębork,Przeróbka,Sztygar,Umowa na czas określony,2022-10-24,-500,D,TAK,TAK,2,Nela Jonik,516 220 722,Operator maszyn
EMP-00660,Leonard,Pasiak,1976-02-14,82313348458,+48 32 473 72 13,user660@example.com,Zamkowa,176,,82-621,Polkowice,Administracja,Kierownik Zmiany,Umowa zlecenie,2020-01-06,-400,A,TAK,TAK,3,Krzysztof Wyderka,600 478 768,Uprawnienia SEP
EMP-00661,Anna Maria,Gwara,1988-02-07,22925879643,+48 738 599 648,user661@example.com,Robotnicza,78,,22-516,Olkusz,Transport,Kierownik Oddziału,Umowa B2B,2016-08-22,-300,D,TAK,TAK,12,Piotr Szczubełek,539 541 966,Ratownik górniczy
EMP-00662,Jędrzej,Fura,1981-06-25,46966060652,690 362 792,user662@example.com,Konstytucji 3 Maja,5,,39-406,Tomaszów Mazowiecki,Transport,Mechanik,Umowa B2B,2016-02-22,-400,C,NIE,TAK,1,Kacper Czylok,727 476 775,Ratownik górniczy
EMP-00663,Urszula,Irzyk,2001-09-27,65883398741,722 145 057,user663@example.com,Kasprowicza,42,42,84-894,Nowa Sól,Administracja,Kierownik Oddziału,Umowa na czas określony,2017-08-14,-100,B,TAK,TAK,11,Gustaw Litwa,22 887 07 15,Operator maszyn
EMP-00664,Dorota,Krzywonos,1979-09-14,73499601054,501 284 008,user664@example.com,Wyszyńskiego,113,,81-534,Rumia,Elektryczny,Operator,Umowa zlecenie,2015-02-07,-500,C,NIE,TAK,6,Adrianna Dydo,799 759 545,W trakcie szkolenia
EMP-00665,Marcel,Garczyk,1968-06-24,22949381735,+48 537 680 898,user665@example.com,Wiejska,143,68,20-956,Dębica,Wydobycie,Kierownik Oddziału,Umowa zlecenie,2018-07-03,-500,C,TAK,TAK,12,pani Anita Piechna,+48 734 223 196,W trakcie szkolenia
EMP-00666,Aleksander,Świerkosz,1977-06-22,55732573755,502 369 362,user666@example.com,Opolska,66,,71-582,Stalowa Wola,Utrzymanie Ruchu,Operator,Umowa o pracę,2013-08-15,-200,C,NIE,TAK,7,Jakub Ciepłuch,660 471 372,Operator maszyn
EMP-00667,Maksymilian,Dobrosz,2003-06-09,08085096085,+48 535 957 498,user667@example.com,Szmaragdowa,73,74,95-339,Czerwionka-Leszczyny,Przeróbka,Mechanik,Umowa o pracę,2018-02-11,-800,D,NIE,NIE,2,pani Dagmara Chojak,22 984 93 30,Badania ważne
EMP-00668,Apolonia,Kubiaczyk,1983-10-19,82819793164,+48 576 094 412,user668@example.com,Brzechwy,190,20,29-865,Siemianowice Śląskie,Przeróbka,Młodszy Górnik,Umowa zlecenie,2014-06-23,-400,D,NIE,NIE,6,Marcelina Faruga,578 856 669,Operator maszyn
EMP-00669,Miłosz,Markiel,1979-09-11,60694096003,+48 571 506 662,user669@example.com,Towarowa,39,,61-032,Zawiercie,Administracja,Elektryk,Umowa B2B,2011-05-03,-300,D,NIE,TAK,8,pani Roksana Pik,+48 577 693 663,W trakcie szkolenia
EMP-00670,Leon,Fechner,1977-11-26,39592323421,669 596 111,user670@example.com,Wierzbowa,200,17,95-009,Legnica,Przeróbka,Geolog,Umowa B2B,2020-01-16,-100,A,NIE,TAK,4,Anastazja Mikłaszewicz,532 007 202,W trakcie szkolenia
EMP-00671,Maurycy,Hapka,1978-02-06,34264335027,+48 691 024 510,user671@example.com,Wypoczynkowa,7,,11-041,Turek,Geologia,Sztygar,Umowa o pracę,2023-11-15,-100,D,TAK,TAK,8,Eryk Graboń,666 714 949,Operator maszyn
EMP-00672,Ryszard,Kuśka,1999-12-02,36911289812,537 942 817,user672@example.com,Mazurska,31,63,29-706,Bełchatów,BHP,Sztygar,Umowa na czas określony,2011-03-07,-800,B,TAK,TAK,4,Kamila Cichos,792 775 844,
EMP-00673,Sandra,Zemanek,1992-08-01,57481700666,724 533 722,user673@example.com,Kościuszki,91,47,11-061,Bochnia,Przeróbka,Elektryk,Umowa na czas określony,2023-05-25,-800,A,NIE,TAK,4,Tymon Dybaś,+48 532 214 559,W trakcie szkolenia
EMP-00674,Kalina,Fraś,1976-01-06,67045023290,+48 738 943 705,user674@example.com,Jasna,36,,51-197,Wodzisław Śląski,Wydobycie,Młodszy Górnik,Umowa zlecenie,2017-12-02,-200,B,NIE,TAK,6,Franciszek Mirocha,22 462 77 65,Badania ważne
EMP-00675,Kaja,Parus,1984-06-05,26228225120,799 202 461,user675@example.com,Nadbrzeżna,79,52,43-152,Białystok,Transport,Kierownik Oddziału,Umowa B2B,2023-06-01,-400,B,TAK,TAK,1,Tadeusz Przekop,+48 727 432 600,Ratownik górniczy
EMP-00676,Mariusz,Staciwa,1991-09-15,70260869822,501 783 325,user676@example.com,Morska,90,,85-879,Świebodzice,Geologia,Górnik,Umowa o pracę,2021-09-12,-100,A,NIE,TAK,8,Liwia Suszka,+48 609 993 607,Operator maszyn
EMP-00677,Aleks,Głuszko,2005-01-04,87290477425,32 704 50 69,user677@example.com,Sowia,158,13,09-486,Żyrardów,Elektryczny,Kierownik Oddziału,Umowa zlecenie,2019-09-20,-650,C,TAK,TAK,4,pan Damian Chołody,+48 693 744 039,Badania ważne
EMP-00678,Liwia,Guźniczak,1976-08-11,23116491334,513 736 060,user678@example.com,Wrzosowa,85,60,36-549,Myszków,Utrzymanie Ruchu,Starszy Górnik,Umowa B2B,2014-05-13,-200,C,NIE,TAK,6,Kacper Tarasek,+48 22 490 79 38,W trakcie szkolenia
EMP-00679,Oliwier,Nesterowicz,1992-11-23,90603202032,726 852 830,user679@example.com,Szewska,3,74,55-082,Starachowice,Elektryczny,Starszy Górnik,Umowa B2B,2014-09-24,-400,C,NIE,TAK,11,Malwina Legutko,572 424 462,Badania ważne
EMP-00680,Miłosz,Paprotny,2002-09-06,73794871485,574 488 112,user680@example.com,Prusa,66,44,01-977,Zamość,Mechaniczny,Kierownik Oddziału,Umowa na czas określony,2013-05-10,-300,B,TAK,TAK,11,Jeremi Komsta,577 518 878,Ratownik górniczy
EMP-00681,Konstanty,Mućko,1971-04-30,41560821371,535 152 638,user681@example.com,Wyspiańskiego,33,45,93-019,Pruszcz Gdański,Elektryczny,Elektryk,Umowa na czas określony,2020-12-25,-100,C,NIE,TAK,2,Wiktor Budkiewicz,605 288 375,Badania ważne
EMP-00682,Kornelia,Hanc,1967-08-21,68323035892,+48 32 863 23 97,user682@example.com,Ciasna,137,,76-766,Sandomierz,Mechaniczny,Starszy Górnik,Umowa zlecenie,2024-01-14,-500,A,NIE,TAK,3,Olaf Cofała,+48 787 876 553,
EMP-00683,Rafał,Smoter,2002-06-11,29328963406,+48 695 055 605,user683@example.com,Szymanowskiego,134,54,11-138,Rybnik,Elektryczny,Geolog,Umowa B2B,2010-08-07,-300,D,NIE,TAK,12,Tola Nabiałek,+48 577 885 190,Ratownik górniczy
EMP-00684,Andrzej,Mierzwiak,1997-11-21,14843991062,+48 666 401 042,user684@example.com,Ściegiennego,42,32,34-836,Kołobrzeg,Utrzymanie Ruchu,Górnik,Umowa na czas określony,2020-06-29,-200,D,NIE,TAK,10,Konstanty Barłóg,+48 22 618 51 74,Uprawnienia SEP
EMP-00685,Szymon,Szyda,1995-12-28,51342619237,792 128 991,user685@example.com,Wrocławska,195,,15-098,Łomża,Przeróbka,Sztygar,Umowa B2B,2016-09-09,-200,C,TAK,TAK,2,pani Sandra Molka,+48 693 913 044,W trakcie szkolenia
EMP-00686,Rozalia,Matula,2000-02-07,73741897215,538 984 841,user686@example.com,Mazowiecka,98,,97-954,Białystok,Elektryczny,Inspektor BHP,Umowa na czas określony,2019-01-18,-300,A,NIE,NIE,3,Sandra Jamroży,+48 785 402 119,W trakcie szkolenia
EMP-00687,Maciej,Gradek,1966-08-09,74381199537,+48 32 568 14 29,user687@example.com,Storczykowa,108,,32-084,Zawiercie,Transport,Operator,Umowa B2B,2024-08-28,-800,D,NIE,TAK,11,Daniel Mularz,+48 691 073 228,Badania ważne
EMP-00688,Angelika,Maciuszek,1975-12-27,64510173973,739 378 306,user688@example.com,Chabrowa,171,,79-683,Nysa,Elektryczny,Kierownik Zmiany,Umowa na czas określony,2016-09-15,-500,D,TAK,NIE,9,Liwia Cherek,882 696 944,W trakcie szkolenia
EMP-00689,Marcel,Piotrak,1976-05-28,09191911359,+48 514 970 169,user689@example.com,Orzeszkowej,101,6,96-260,Szczytno,Elektryczny,Kierownik Oddziału,Umowa na czas określony,2024-01-29,-650,D,TAK,NIE,9,Aurelia Szłapka,22 913 20 33,
EMP-00690,Ewa,Szczepaniuk,1996-03-28,60392051460,694 190 310,user690@example.com,Powstańców Wielkopolskich,65,46,14-350,Ostrów Wielkopolski,BHP,Kierownik Oddziału,Umowa zlecenie,2022-01-09,-650,D,TAK,TAK,8,pan Wojciech Gadzina,+48 731 556 684,
EMP-00691,Tymon,Tereszkiewicz,1984-03-07,74238856527,+48 505 337 746,user691@example.com,Swierkowa,86,,33-004,Nowa Sól,BHP,Kierownik Zmiany,Umowa B2B,2013-04-25,-800,A,TAK,TAK,12,pan Antoni Kucewicz,22 078 43 61,
EMP-00692,Konstanty,Wojtalik,2001-09-11,65972634755,+48 510 781 975,user692@example.com,Żwirowa,93,,83-230,Jarosław,BHP,Geolog,Umowa o pracę,2012-04-25,-800,D,NIE,TAK,4,Jacek Nastaj,+48 576 427 372,Badania ważne
EMP-00693,Ada,Szajek,1967-02-17,88488269131,728 821 458,user693@example.com,Broniewskiego,68,19,89-102,Mielec,Mechaniczny,Nadsztygar,Umowa B2B,2013-11-08,-100,D,TAK,TAK,3,Olga Sidorczuk,539 134 438,Operator maszyn
EMP-00694,Liwia,Janiuk,2000-09-04,49915370382,+48 737 802 058,user694@example.com,Środkowa,7,,73-350,Warszawa,Wentylacja,Młodszy Górnik,Umowa zlecenie,2019-06-12,-650,C,NIE,TAK,8,pan Tomasz Siekierka,+48 884 644 936,W trakcie szkolenia
EMP-00695,Sylwia,Lampart,1993-03-28,20430977688,881 679 335,user695@example.com,Klonowa,106,24,44-366,Kwidzyn,Administracja,Sztygar,Umowa na czas określony,2025-10-18,-500,B,TAK,TAK,12,Ewelina Borkiewicz,+48 573 680 119,Ratownik górniczy
EMP-00696,Aleksander,Kierepka,2002-04-13,65535851253,+48 536 811 872,user696@example.com,Północna,25,65,95-220,Stargard Szczeciński,Mechaniczny,Nadsztygar,Umowa B2B,2013-10-21,-800,B,TAK,TAK,10,pani Blanka Wiaderek,509 614 973,Uprawnienia SEP
EMP-00697,Ignacy,Trzos,1970-03-08,58374907977,+48 32 498 30 74,user697@example.com,Ludowa,17,,22-674,Polkowice,Mechaniczny,Operator,Umowa na czas określony,2025-03-09,-500,D,NIE,TAK,11,Marika Leoniuk,696 511 893,
EMP-00698,Marianna,Pryk,2003-06-09,72151494097,885 782 019,user698@example.com,Sosnowa,102,28,86-282,Mysłowice,Transport,Kierownik Zmiany,Umowa B2B,2014-07-26,-400,B,TAK,TAK,4,Damian Piwek,+48 880 233 324,Badania ważne
EMP-00699,Artur,Łakota,1984-11-17,62895090591,600 135 462,user699@example.com,Pałacowa,158,9,09-854,Słupsk,Utrzymanie Ruchu,Elektryk,Umowa zlecenie,2020-11-17,-800,A,NIE,TAK,10,pan Jakub Siwa,880 826 112,Uprawnienia SEP
EMP-00700,Dominik,Sadownik,1974-12-01,07151169666,722 488 899,user700@example.com,Fiołkowa,36,,58-162,Giżycko,Przeróbka,Starszy Górnik,Umowa B2B,2012-07-12,-650,D,NIE,TAK,3,Adrianna Ellwart,669 745 493,W trakcie szkolenia
EMP-00701,Michał,Hyjek,2003-06-29,47124633515,+48 504 687 191,user701@example.com,Sawickiej,135,,17-923,Radom,Administracja,Kierownik Oddziału,Umowa o pracę,2023-02-16,-400,A,TAK,TAK,1,Ewelina Berdzik,578 769 208,W trakcie szkolenia
EMP-00702,Hubert,Kopyt,1973-08-20,12080056409,518 981 388,user702@example.com,Wierzbowa,18,,44-538,Iława,Administracja,Kierownik Zmiany,Umowa na czas określony,2024-05-27,-500,C,TAK,TAK,9,Robert Kasica,798 220 673,Uprawnienia SEP
EMP-00703,Dawid,Trybała,1972-01-13,12959272827,609 716 815,user703@example.com,Krasińskiego,138,16,22-698,Tarnowskie Góry,Transport,Kierownik Zmiany,Umowa o pracę,2022-12-28,-100,A,TAK,TAK,11,pani Blanka Truchel,500 001 529,Uprawnienia SEP
EMP-00704,Karina,Nyc,1969-09-08,82173929578,577 850 902,user704@example.com,Kołłątaja,115,,41-389,Wałcz,BHP,Inspektor BHP,Umowa zlecenie,2021-04-24,-800,D,NIE,TAK,3,Dorota Bona,784 421 829,Uprawnienia SEP
EMP-00705,Stefan,Waszczyk,1993-03-03,36050791815,+48 601 224 890,user705@example.com,Jałowcowa,194,,49-481,Białystok,Transport,Mechanik,Umowa B2B,2018-11-18,-500,D,NIE,TAK,8,Roksana Kwasek,519 004 365,Uprawnienia SEP
EMP-00706,Eliza,Latek,1991-11-29,66661707158,+48 602 669 136,user706@example.com,Okrężna,79,64,35-524,Głogów,Wydobycie,Nadsztygar,Umowa o pracę,2011-06-17,-400,D,TAK,TAK,2,pani Dagmara Jaroch,884 296 080,Ratownik górniczy
EMP-00707,Nikodem,Seidel,1991-06-12,98250800463,+48 519 987 950,user707@example.com,Pszenna,176,,80-798,Kłodzko,Mechaniczny,Inspektor BHP,Umowa B2B,2010-11-15,-300,A,NIE,TAK,4,Hubert Kijanka,514 016 481,
EMP-00708,Jan,Piejko,2002-01-19,23513739900,+48 734 287 738,user708@example.com,Jagodowa,177,15,49-736,Zambrów,Wydobycie,Mechanik,Umowa zlecenie,2025-01-18,-400,B,NIE,TAK,3,Liwia Słomiany,536 432 126,Operator maszyn
EMP-00709,Alan,Mesjasz,1991-03-17,56022939469,+48 694 642 036,user709@example.com,Solidarnosci,53,35,92-134,Krosno,Wydobycie,Sztygar,Umowa na czas określony,2014-11-08,-650,C,TAK,TAK,7,Bruno Pysz,784 170 646,Ratownik górniczy
EMP-00710,Mariusz,Ropiak,1972-09-16,74906072311,780 263 558,user710@example.com,Rataja,126,,24-301,Mysłowice,Mechaniczny,Sztygar,Umowa B2B,2025-07-23,-100,B,TAK,TAK,12,Karol Moniuszko,+48 504 644 898,Ratownik górniczy
EMP-00711,Artur,Jędra,1986-08-27,64844941163,575 388 824,user711@example.com,Głowackiego,52,,93-996,Tarnów,Elektryczny,Geolog,Umowa na czas określony,2025-02-04,-100,D,NIE,TAK,2,pan Natan Puc,790 404 333,Uprawnienia SEP
EMP-00712,Maks,Kiryluk,1974-10-20,62113695727,22 849 51 63,user712@example.com,Reymonta,170,,14-093,Rybnik,Wentylacja,Górnik,Umowa B2B,2022-07-31,-500,A,NIE,TAK,10,pan Olgierd Ludwin,+48 32 180 93 39,
EMP-00713,Anastazja,Betlej,1970-02-06,54257306624,606 530 601,user713@example.com,Wierzbowa,58,,97-627,Lubartów,BHP,Starszy Górnik,Umowa na czas określony,2021-02-28,-500,A,NIE,TAK,8,pan Eryk Ciesielczyk,+48 538 688 002,
EMP-00714,Antoni,Kabza,1974-10-17,98482285011,575 618 298,user714@example.com,Lipowa,159,22,32-705,Dębica,BHP,Sztygar,Umowa o pracę,2010-06-09,-400,A,TAK,TAK,2,pani Krystyna Kułach,+48 574 491 609,W trakcie szkolenia
EMP-00715,Mieszko,Janke,1993-08-25,06090691309,511 491 189,user715@example.com,Rolna,6,61,14-553,Ełk,Transport,Sztygar,Umowa na czas określony,2016-06-10,-500,A,TAK,TAK,12,Jerzy Malon,+48 607 509 263,Uprawnienia SEP
EMP-00716,Przemysław,Fronczyk,1973-04-08,79457727853,+48 728 213 745,user716@example.com,Władysława Jagiełły,164,23,54-079,Ruda Śląska,Transport,Geolog,Umowa zlecenie,2021-11-21,-200,C,NIE,TAK,12,Piotr Juraszczyk,+48 884 288 605,
EMP-00717,Natan,John,1991-08-31,42076836253,+48 576 660 811,user717@example.com,Sybiraków,107,59,17-437,Środa Wielkopolska,Elektryczny,Kierownik Oddziału,Umowa na czas określony,2022-10-17,-400,D,TAK,TAK,6,Maciej Twardzik,+48 22 083 56 69,Ratownik górniczy
EMP-00718,Szymon,Bembenek,1969-12-24,62833339395,607 153 123,user718@example.com,Broniewskiego,96,,44-365,Radom,Geologia,Kierownik Zmiany,Umowa zlecenie,2024-04-29,-400,D,TAK,TAK,2,Apolonia Głownia,666 917 768,Badania ważne
EMP-00719,Nikodem,Kłosiewicz,1992-03-18,74960335826,22 440 13 48,user719@example.com,Słoneczna,47,,68-459,Środa Wielkopolska,Wentylacja,Geolog,Umowa na czas określony,2012-05-06,-500,D,NIE,NIE,11,Cyprian Pilarek,727 882 603,Uprawnienia SEP
EMP-00720,Marcel,Lesisz,1975-10-18,92693265732,575 709 085,user720@example.com,Górnicza,81,,75-725,Kielce,Przeróbka,Nadsztygar,Umowa o pracę,2016-02-27,-800,D,TAK,TAK,1,Stefan Panasiewicz,660 749 269,
EMP-00721,Sandra,Maszkiewicz,1994-09-10,51553234159,+48 729 648 997,user721@example.com,Modrzewiowa,122,,67-303,Kalisz,Transport,Górnik,Umowa B2B,2020-04-04,-300,D,NIE,TAK,9,pani Krystyna Nojman,722 591 408,Uprawnienia SEP
EMP-00722,Eryk,Przewoźna,2001-12-09,26189628874,691 234 266,user722@example.com,Wilcza,30,19,72-984,Sosnowiec,Przeróbka,Starszy Górnik,Umowa o pracę,2019-05-14,-650,B,NIE,TAK,7,Michał Jachna,+48 572 617 607,Operator maszyn
EMP-00723,Melania,Cyba,1973-05-26,72095799270,728 935 953,user723@example.com,Lubelska,87,11,18-674,Bielawa,Przeróbka,Kierownik Oddziału,Umowa zlecenie,2013-07-20,-400,C,TAK,TAK,10,Ryszard Towarek,505 612 996,Ratownik górniczy
EMP-00724,Tymon,Gołofit,1980-02-05,62135415970,+48 695 826 418,user724@example.com,Jagiellońska,44,47,74-388,Wodzisław Śląski,Wentylacja,Geolog,Umowa B2B,2019-01-12,-500,D,NIE,TAK,1,Wojciech Kut,690 876 123,Operator maszyn
EMP-00725,Natan,Rembacz,1998-09-25,20344765047,574 346 823,user725@example.com,Jaskółcza,86,,99-319,Kraśnik,Utrzymanie Ruchu,Kierownik Zmiany,Umowa o pracę,2015-02-28,-650,A,TAK,NIE,1,Maciej Seweryniak,502 730 086,Ratownik górniczy
EMP-00726,Tobiasz,Strzelczak,1990-06-17,37660465586,511 683 113,user726@example.com,Ptasia,34,45,43-844,Szczecin,Mechaniczny,Kierownik Oddziału,Umowa zlecenie,2024-12-02,-400,C,TAK,TAK,5,Wiktor Strug,+48 600 941 491,Ratownik górniczy
EMP-00727,Agnieszka,Martynowicz,2000-10-03,71581021312,32 283 97 62,user727@example.com,Swierkowa,40,,94-378,Siemianowice Śląskie,Przeróbka,Młodszy Górnik,Umowa o pracę,2015-04-15,-300,A,NIE,TAK,12,Jeremi Ruszczak,+48 577 794 620,
EMP-00728,Sebastian,Mizia,1995-01-07,59129751910,+48 506 292 508,user728@example.com,Jana Pawła II,52,,96-894,Oleśnica,Przeróbka,Operator,Umowa o pracę,2017-05-20,-650,B,NIE,TAK,7,pan Szymon Linkiewicz,+48 699 140 688,W trakcie szkolenia
EMP-00729,Konrad,Szeszko,1976-12-15,30165837379,+48 533 125 523,user729@example.com,Owocowa,121,,52-112,Żary,Elektryczny,Sztygar,Umowa zlecenie,2025-12-15,-650,B,TAK,TAK,1,Marcelina Pesta,692 119 206,
EMP-00730,Marek,Haremza,1970-12-13,34289311325,+48 605 277 895,user730@example.com,Narutowicza,42,51,16-195,Stargard Szczeciński,Administracja,Starszy Górnik,Umowa na czas określony,2022-05-04,-800,B,NIE,TAK,11,pan Józef Pracz,784 490 295,Ratownik górniczy
EMP-00731,Gustaw,Białczyk,1968-05-10,64538044210,511 644 037,user731@example.com,Rzeczna,89,8,88-257,Dąbrowa Górnicza,Przeróbka,Sztygar,Umowa na czas określony,2024-03-17,-100,D,TAK,TAK,12,Natasza Kopytko,572 778 221,W trakcie szkolenia
EMP-00732,Tomasz,Majzner,1967-01-02,59591945757,+48 579 821 348,user732@example.com,Środkowa,77,63,22-587,Myszków,Mechaniczny,Młodszy Górnik,Umowa zlecenie,2012-08-27,-300,D,NIE,TAK,10,pani Julianna Gęgotek,+48 789 736 383,Uprawnienia SEP
EMP-00733,Kajetan,Jaszczur,2001-07-05,56775677722,+48 785 605 397,user733@example.com,Koralowa,108,,03-505,Bartoszyce,BHP,Górnik,Umowa na czas określony,2023-12-12,-650,D,NIE,TAK,7,Olga Hanusiak,577 706 736,Ratownik górniczy
EMP-00734,Bartek,Brejnak,1987-03-06,62292310672,32 068 21 22,user734@example.com,Matejki,51,3,81-358,Świętochłowice,Geologia,Górnik,Umowa zlecenie,2023-04-13,-300,C,NIE,TAK,9,Dawid Dubik,+48 785 058 714,Ratownik górniczy
EMP-00735,Wojciech,Zinkiewicz,1982-08-23,37976627051,+48 732 192 596,user735@example.com,Urocza,181,62,97-609,Białystok,Utrzymanie Ruchu,Sztygar,Umowa zlecenie,2012-06-21,-100,C,TAK,TAK,8,Marek Jas,+48 729 848 022,Uprawnienia SEP
EMP-00736,Kornel,Machowiak,2002-02-17,70425496919,519 386 948,user736@example.com,Grzybowa,88,,83-134,Będzin,BHP,Kierownik Oddziału,Umowa na czas określony,2010-08-15,-200,C,TAK,TAK,1,pani Bianka Niechciał,785 788 707,Operator maszyn
EMP-00737,Marek,Baś,1970-02-10,63353574859,+48 666 767 382,user737@example.com,Parkowa,179,,79-463,Tarnowskie Góry,BHP,Kierownik Zmiany,Umowa zlecenie,2025-03-10,-800,C,TAK,NIE,10,Igor Starek,537 798 768,Uprawnienia SEP
EMP-00738,Justyna,Mortka,1972-06-10,79705816295,+48 572 258 937,user738@example.com,Kowalska,119,78,05-810,Nowy Dwór Mazowiecki,Przeróbka,Sztygar,Umowa na czas określony,2020-04-03,-100,D,TAK,TAK,4,pani Marika Apostel,663 504 056,Ratownik górniczy
EMP-00739,Agnieszka,Zięcik,1981-09-06,25073305597,510 124 825,user739@example.com,Rybacka,70,41,35-258,Piotrków Trybunalski,BHP,Operator,Umowa zlecenie,2020-03-09,-500,B,NIE,TAK,10,Róża Siebert,+48 503 259 423,Badania ważne
EMP-00740,Ewelina,Ceynowa,1991-10-20,40388436604,+48 694 633 891,user740@example.com,Letnia,37,,52-169,Kędzierzyn-Koźle,Wydobycie,Młodszy Górnik,Umowa na czas określony,2012-03-10,-300,B,NIE,TAK,6,Arkadiusz Matela,+48 665 725 629,Operator maszyn
EMP-00741,Borys,Borak,1973-04-26,76829751474,+48 793 589 513,user741@example.com,Cyprysowa,73,,14-574,Lubliniec,BHP,Starszy Górnik,Umowa o pracę,2025-07-23,-200,D,NIE,TAK,1,Leonard Zaraś,507 846 850,Ratownik górniczy
EMP-00742,Stefan,Ławniczek,1990-11-03,75256806562,733 034 918,user742@example.com,Widok,165,37,10-949,Elbląg,Administracja,Elektryk,Umowa o pracę,2022-06-07,-300,A,NIE,TAK,1,pan Karol Kałek,698 593 401,W trakcie szkolenia
EMP-00743,Norbert,Kaczan,1999-12-27,27112218231,794 715 531,user743@example.com,Konwaliowa,92,,94-178,Radomsko,Geologia,Operator,Umowa B2B,2013-06-16,-800,C,NIE,TAK,8,Sandra Wawrzkiewicz,+48 888 136 750,Operator maszyn
EMP-00744,Krystian,Duchnik,1967-02-01,08662813721,+48 22 141 05 27,user744@example.com,Świerczewskiego,59,,79-542,Wałbrzych,Mechaniczny,Elektryk,Umowa o pracę,2020-03-17,-800,C,NIE,TAK,11,pan Emil Pela,22 270 45 23,W trakcie szkolenia
EMP-00745,Nataniel,Mizak,2000-03-26,70033228556,662 586 605,user745@example.com,Pszenna,5,66,75-519,Żyrardów,Elektryczny,Sztygar,Umowa o pracę,2018-08-30,-800,D,TAK,TAK,9,pan Sebastian Owsianka,+48 22 227 58 54,
EMP-00746,Julianna,Midura,1988-02-06,39033970519,885 942 824,user746@example.com,Cedrowa,102,,16-991,Olsztyn,Mechaniczny,Górnik,Umowa o pracę,2015-08-02,-300,B,NIE,NIE,5,Józef Ziemkiewicz,600 002 453,Ratownik górniczy
EMP-00747,Wojciech,Gumieniak,1989-11-24,58623945354,601 551 305,user747@example.com,Letnia,167,37,62-035,Dzierżoniów,Wydobycie,Elektryk,Umowa na czas określony,2024-06-11,-400,A,NIE,NIE,11,Kaja Zwara,+48 882 144 488,W trakcie szkolenia
EMP-00748,Marika,Klama,1991-02-14,63210613394,+48 573 677 462,user748@example.com,Sybiraków,152,39,01-133,Radomsko,Elektryczny,Elektryk,Umowa o pracę,2016-05-06,-800,B,NIE,TAK,10,Leonard Nowrot,691 832 812,Ratownik górniczy
EMP-00749,Ksawery,Fronczyk,1974-01-23,80403253765,600 491 060,user749@example.com,Kopernika,155,22,67-251,Żyrardów,Elektryczny,Sztygar,Umowa B2B,2011-01-13,-400,D,TAK,TAK,2,Marika Chmielak,698 750 827,Badania ważne
EMP-00750,Agnieszka,Aleksandrzak,1982-08-09,00900404769,+48 32 257 75 45,user750@example.com,Storczykowa,14,,81-273,Sochaczew,Wentylacja,Młodszy Górnik,Umowa na czas określony,2021-08-12,-200,A,NIE,TAK,2,Fryderyk Pociask,+48 22 905 29 18,Ratownik górniczy
EMP-00751,Agnieszka,Pietraś,1999-02-10,04014247310,+48 788 316 082,user751@example.com,Królewska,4,,57-984,Opole,Wentylacja,Kierownik Oddziału,Umowa na czas określony,2024-01-22,-400,B,TAK,NIE,12,pan Filip Holc,+48 783 373 992,Badania ważne
EMP-00752,Arkadiusz,Ulewicz,2004-09-17,40971231660,662 999 362,user752@example.com,Żeromskiego,111,60,94-438,Świętochłowice,Utrzymanie Ruchu,Nadsztygar,Umowa o pracę,2025-03-25,-100,D,TAK,NIE,1,Emil Księżak,+48 668 232 553,W trakcie szkolenia
EMP-00753,Rozalia,Łukowiak,1998-01-07,44734043370,798 446 177,user753@example.com,Wróblewskiego,145,56,96-904,Brzeg,Wentylacja,Młodszy Górnik,Umowa o pracę,2024-01-27,-650,A,NIE,TAK,6,Miłosz Putek,+48 504 309 544,
EMP-00754,Sonia,Domowicz,1989-07-19,57782558825,+48 791 279 970,user754@example.com,Targowa,105,23,74-179,Bolesławiec,BHP,Inspektor BHP,Umowa na czas określony,2025-09-03,-650,C,NIE,TAK,5,Miłosz Gołek,793 978 713,Uprawnienia SEP
EMP-00755,Arkadiusz,Nazimek,1986-01-21,78656194255,+48 698 832 201,user755@example.com,Chopina,116,,47-407,Kościerzyna,Wydobycie,Geolog,Umowa B2B,2024-09-21,-650,D,NIE,TAK,11,Krystyna Kulisz,660 048 797,Uprawnienia SEP
EMP-00756,Nicole,Korpal,1987-03-11,58292361618,883 585 238,user756@example.com,Olchowa,134,,08-818,Ostrów Mazowiecka,Transport,Inspektor BHP,Umowa zlecenie,2018-04-27,-500,A,NIE,TAK,11,Ksawery Gruchot,734 361 995,W trakcie szkolenia
EMP-00757,Miłosz,Mol,1970-10-28,71558686395,+48 22 910 29 29,user757@example.com,Kowalska,177,,45-680,Szczecin,Elektryczny,Kierownik Zmiany,Umowa zlecenie,2011-02-03,-650,D,TAK,TAK,12,Emil Straszak,+48 574 830 930,
EMP-00758,Karol,Kuświk,1989-07-04,17214364381,+48 789 719 126,user758@example.com,Spacerowa,7,,82-155,Nowa Ruda,Transport,Elektryk,Umowa o pracę,2026-04-26,-800,B,NIE,TAK,3,Oliwier Magier,661 767 201,W trakcie szkolenia
EMP-00759,Dawid,Lindner,1990-09-05,14716560945,576 612 201,user759@example.com,Wieniawskiego,54,39,93-033,Mikołów,Administracja,Młodszy Górnik,Umowa na czas określony,2022-04-08,-400,C,NIE,NIE,10,Cyprian Muzyk,+48 888 733 930,
EMP-00760,Fryderyk,Staciwa,1978-03-10,70755047681,698 027 481,user760@example.com,Okrężna,176,,98-804,Bełchatów,Geologia,Geolog,Umowa o pracę,2013-03-01,-400,C,NIE,TAK,2,Oskar Woszczyna,780 868 250,Operator maszyn
EMP-00761,Łukasz,Wojaczek,1989-07-02,81131765397,+48 724 620 935,user761@example.com,Harcerska,80,71,93-390,Kielce,Wentylacja,Nadsztygar,Umowa na czas określony,2015-05-16,-100,C,TAK,TAK,1,Bruno Kajak,+48 789 952 970,W trakcie szkolenia
EMP-00762,Agnieszka,Szynkiewicz,1997-07-01,90871827496,604 365 858,user762@example.com,Turystyczna,65,,50-315,Zambrów,Mechaniczny,Starszy Górnik,Umowa na czas określony,2013-10-06,-800,A,NIE,TAK,8,Bruno Piekara,504 120 270,Ratownik górniczy
EMP-00763,Miłosz,Majos,1983-05-06,04956121377,728 740 299,user763@example.com,Topolowa,100,23,57-737,Kościan,Wydobycie,Starszy Górnik,Umowa B2B,2015-12-14,-200,A,NIE,TAK,4,Kornelia Sereda,+48 22 906 32 24,Ratownik górniczy
EMP-00764,Dominik,Czupryn,1987-09-08,97371122299,794 203 403,user764@example.com,Rózana,128,47,16-018,Turek,Wydobycie,Geolog,Umowa B2B,2025-07-17,-100,D,NIE,TAK,2,pani Ida Superson,32 756 49 15,Operator maszyn
EMP-00765,Nataniel,Doroszkiewicz,1984-02-27,04686111457,786 234 712,user765@example.com,Wyspiańskiego,36,,60-445,Warszawa,Utrzymanie Ruchu,Mechanik,Umowa o pracę,2021-02-18,-400,B,NIE,NIE,3,Aleksander Hawro,511 810 306,W trakcie szkolenia
EMP-00766,Blanka,Mazik,1988-08-06,78584712961,32 172 68 08,user766@example.com,Lipowa,60,,67-100,Kościerzyna,Transport,Sztygar,Umowa zlecenie,2011-08-26,-500,A,TAK,TAK,1,pani Urszula Kramer,+48 690 150 713,Ratownik górniczy
EMP-00767,Paweł,Szklarek,1986-10-12,80184980425,517 351 045,user767@example.com,Daszyńskiego,55,25,36-504,Będzin,Elektryczny,Górnik,Umowa na czas określony,2016-09-19,-200,D,NIE,TAK,2,Blanka Smektała,573 009 625,Uprawnienia SEP
EMP-00768,Maks,Durlej,1987-09-18,88122821781,+48 516 947 031,user768@example.com,Storczykowa,64,53,01-342,Piła,Wentylacja,Kierownik Oddziału,Umowa B2B,2018-09-07,-500,B,TAK,TAK,1,Olga Kurtyka,22 746 66 21,Operator maszyn
EMP-00769,Tadeusz,Bela,1980-07-28,56035679327,607 000 466,user769@example.com,Zdrojowa,166,,13-319,Starachowice,Administracja,Górnik,Umowa B2B,2011-01-20,-500,D,NIE,TAK,2,Krzysztof Jezior,570 797 714,Operator maszyn
EMP-00770,Błażej,Maruszczyk,1967-12-09,06181205464,728 819 490,user770@example.com,Morelowa,78,69,32-684,Lubliniec,Transport,Inspektor BHP,Umowa na czas określony,2022-04-26,-400,C,NIE,TAK,8,Alex Chłąd,660 499 809,Operator maszyn
EMP-00771,Sonia,Gryszkiewicz,1978-05-08,98999275175,+48 32 987 31 37,user771@example.com,Piwna,65,35,57-702,Opole,Transport,Operator,Umowa zlecenie,2023-08-26,-500,A,NIE,TAK,6,Fryderyk Pernak,+48 664 166 123,Uprawnienia SEP
EMP-00772,Ada,Domoń,1985-11-04,35435864496,+48 694 332 562,user772@example.com,Tęczowa,197,,95-706,Lębork,Transport,Inspektor BHP,Umowa zlecenie,2025-08-30,-650,B,NIE,TAK,12,Janina Pawełko,579 701 426,Badania ważne
EMP-00773,Sebastian,Kwasek,2000-05-15,53798214339,697 087 821,user773@example.com,Modrzewiowa,47,64,53-057,Słupsk,Wentylacja,Elektryk,Umowa na czas określony,2025-09-19,-800,C,NIE,TAK,12,Robert Dycha,+48 22 813 59 98,Ratownik górniczy
EMP-00774,Janina,Zagozda,1990-04-06,78524914168,601 170 889,user774@example.com,Piastowska,18,25,85-521,Bydgoszcz,Elektryczny,Inspektor BHP,Umowa na czas określony,2024-07-21,-400,A,NIE,TAK,10,Inga Bakalarczyk,734 822 175,Ratownik górniczy
EMP-00775,Jerzy,Szczerek,1987-04-28,96340679176,+48 538 570 820,user775@example.com,Parkowa,31,,34-554,Gdynia,Przeróbka,Elektryk,Umowa B2B,2022-02-16,-400,C,NIE,TAK,1,Lidia Gregorowicz,+48 571 236 914,
EMP-00776,Karol,Boruc,1990-04-09,18842163090,+48 607 942 968,user776@example.com,Cyprysowa,87,80,20-475,Wieluń,Transport,Nadsztygar,Umowa na czas określony,2011-07-04,-100,A,TAK,TAK,4,Elżbieta Mydlak,+48 22 704 09 53,Uprawnienia SEP
EMP-00777,Dawid,Broncel,1994-12-24,99485320895,+48 696 156 078,user777@example.com,Lazurowa,44,,32-182,Wołomin,Mechaniczny,Inspektor BHP,Umowa o pracę,2014-04-03,-800,B,NIE,TAK,2,Bianka Duniec,725 651 796,Badania ważne
EMP-00778,Sandra,Famuła,1973-09-18,94711363379,+48 734 966 834,user778@example.com,Ptasia,57,,55-027,Żory,Wydobycie,Operator,Umowa zlecenie,2020-07-10,-200,B,NIE,TAK,7,pan Igor Bobak,+48 530 285 162,Badania ważne
EMP-00779,Elżbieta,Trojanowicz,1972-11-01,67331167726,726 488 208,user779@example.com,Krokusowa,6,70,29-273,Nowy Targ,Wentylacja,Inspektor BHP,Umowa na czas określony,2025-05-08,-800,D,NIE,TAK,9,Ewelina Pitala,+48 603 906 246,Ratownik górniczy
EMP-00780,Anna Maria,Ślebioda,1985-08-16,07896793521,+48 729 160 911,user780@example.com,Złota,44,,10-220,Elbląg,Wentylacja,Kierownik Zmiany,Umowa B2B,2026-04-16,-500,D,TAK,TAK,7,Maurycy Stąpor,32 923 61 33,Ratownik górniczy
EMP-00781,Jakub,Larysz,1985-06-13,43697093170,663 045 881,user781@example.com,Starowiejska,93,,43-799,Bartoszyce,Elektryczny,Sztygar,Umowa na czas określony,2016-09-14,-400,C,TAK,TAK,7,Leon Kuchciak,734 724 191,
EMP-00782,Eryk,Molek,1983-08-08,45345472239,784 096 617,user782@example.com,Okulickiego,10,49,95-496,Goleniów,Wydobycie,Kierownik Oddziału,Umowa zlecenie,2020-09-10,-650,B,TAK,TAK,12,Eliza Cyganik,+48 794 989 808,Uprawnienia SEP
EMP-00783,Jakub,Szyma,1988-02-01,98041847242,+48 507 821 417,user783@example.com,Piękna,72,,53-530,Dąbrowa Górnicza,Geologia,Młodszy Górnik,Umowa B2B,2024-12-03,-800,D,NIE,TAK,9,Arkadiusz Staśko,666 648 698,
EMP-00784,Elżbieta,Tylman,1991-02-21,19092487623,+48 799 874 869,user784@example.com,Kamienna,155,,89-914,Ruda Śląska,Przeróbka,Sztygar,Umowa B2B,2025-01-18,-100,B,TAK,TAK,9,pani Julita Kasica,790 119 292,
EMP-00785,Malwina,Sadlik,1968-10-14,85228230524,726 051 171,user785@example.com,Zielna,129,,88-746,Toruń,Geologia,Mechanik,Umowa zlecenie,2021-04-21,-500,A,NIE,TAK,1,Gaja Rapa,32 863 65 36,Operator maszyn
EMP-00786,Oskar,Tłuczek,2005-06-24,23959473721,+48 694 559 067,user786@example.com,Krótka,42,,07-026,Giżycko,Przeróbka,Starszy Górnik,Umowa na czas określony,2020-08-25,-650,B,NIE,TAK,1,Łukasz Owsianka,+48 609 420 466,Ratownik górniczy
EMP-00787,Dagmara,Jeszka,1993-09-27,87688687859,+48 516 760 564,user787@example.com,Zamkowa,193,33,02-840,Piekary Śląskie,Utrzymanie Ruchu,Mechanik,Umowa na czas określony,2014-07-04,-500,D,NIE,TAK,1,pani Karina Kołsut,32 758 09 74,Uprawnienia SEP
EMP-00788,Eryk,Kucewicz,1997-03-01,95419666450,+48 609 062 354,user788@example.com,Lawendowa,51,,49-803,Włocławek,Geologia,Młodszy Górnik,Umowa zlecenie,2025-11-12,-300,D,NIE,TAK,10,Sandra Cyman,+48 794 016 599,W trakcie szkolenia
EMP-00789,Mateusz,Leszcz,1980-04-29,46320374767,+48 786 221 224,user789@example.com,Kreta,96,27,98-818,Jarosław,Utrzymanie Ruchu,Starszy Górnik,Umowa na czas określony,2025-03-20,-650,D,NIE,TAK,4,Malwina Tadla,+48 787 462 591,Uprawnienia SEP
EMP-00790,Kajetan,Makles,1982-01-18,14505766194,+48 791 158 488,user790@example.com,Szczęśliwa,11,,50-062,Kraków,BHP,Geolog,Umowa B2B,2011-09-15,-300,D,NIE,TAK,5,Dominik Dudziec,+48 698 677 823,Badania ważne
EMP-00791,Gaja,Morawiak,2001-06-06,01284008385,887 047 264,user791@example.com,Reja,104,43,82-832,Świdnik,BHP,Starszy Górnik,Umowa B2B,2012-11-04,-100,D,NIE,TAK,6,Tymon Włodyka,572 038 437,
EMP-00792,Julianna,Lelonek,1980-02-17,91776808981,+48 508 078 525,user792@example.com,Makowa,85,57,66-180,Piekary Śląskie,Utrzymanie Ruchu,Elektryk,Umowa zlecenie,2017-01-27,-200,D,NIE,TAK,2,Marcel Pachnik,+48 663 854 540,Badania ważne
EMP-00793,Juliusz,Raczkiewicz,1967-09-14,46300402369,+48 735 475 231,user793@example.com,Jodłowa,39,55,18-968,Mysłowice,Wentylacja,Kierownik Oddziału,Umowa o pracę,2025-07-14,-200,D,TAK,TAK,3,Adrianna Sobel,32 897 91 77,
EMP-00794,Gabriel,Pelka,2002-06-29,71372711759,+48 784 272 038,user794@example.com,Kossaka,121,34,49-702,Nowy Sącz,BHP,Nadsztygar,Umowa zlecenie,2016-07-19,-650,C,TAK,NIE,9,Lidia Materek,+48 790 801 963,W trakcie szkolenia
EMP-00795,Eryk,Muc,1999-07-07,93306745847,+48 509 358 824,user795@example.com,Podmiejska,14,76,30-339,Głogów,Transport,Nadsztygar,Umowa o pracę,2014-03-12,-650,D,TAK,TAK,9,Bartek Michalczak,+48 22 181 67 78,Uprawnienia SEP
EMP-00796,Kaja,Łapaj,1977-11-28,37218856669,664 445 446,user796@example.com,Nowa,21,,69-216,Nowy Targ,Administracja,Sztygar,Umowa na czas określony,2024-11-18,-300,C,TAK,TAK,6,pani Apolonia Piwowarek,+48 723 781 053,
EMP-00797,Julita,Spadło,1992-03-10,66267055143,+48 608 486 999,user797@example.com,Zdrojowa,102,,76-541,Lębork,Geologia,Kierownik Oddziału,Umowa na czas określony,2012-01-11,-400,D,TAK,TAK,5,Stanisław Kohut,797 927 147,Uprawnienia SEP
EMP-00798,Jerzy,Rychert,1993-09-07,25295961111,+48 32 198 64 24,user798@example.com,Sikorskiego,39,70,27-852,Oława,Elektryczny,Inspektor BHP,Umowa o pracę,2014-03-05,-800,A,NIE,TAK,1,Tola Olearczyk,668 339 121,
EMP-00799,Sonia,Dziadkowiec,2005-11-09,20245591024,+48 502 932 880,user799@example.com,Wiązowa,10,,74-571,Gniezno,Wydobycie,Mechanik,Umowa o pracę,2020-11-05,-300,A,NIE,TAK,3,Tymon Hajduga,511 023 200,Operator maszyn
EMP-00800,Marcelina,Witko,1968-12-18,14949819421,+48 501 008 987,user800@example.com,Kolonia,41,,50-125,Łódź,Elektryczny,Mechanik,Umowa zlecenie,2018-08-02,-400,C,NIE,TAK,1,Gustaw Kral,886 140 384,Operator maszyn
EMP-00801,Karol,Tondera,2003-08-03,27758446634,+48 600 746 823,user801@example.com,Morelowa,54,31,40-419,Bochnia,Utrzymanie Ruchu,Kierownik Zmiany,Umowa zlecenie,2020-09-08,-650,C,TAK,TAK,2,pani Blanka Staś,690 762 054,
EMP-00802,Julianna,Toś,2004-03-07,12172214559,+48 531 500 666,user802@example.com,Zielna,112,,35-095,Rzeszów,Mechaniczny,Inspektor BHP,Umowa B2B,2025-08-30,-200,D,NIE,TAK,8,Kamila Berus,781 134 078,W trakcie szkolenia
EMP-00803,Tola,Paściak,1979-05-27,52635100462,32 970 89 05,user803@example.com,Pszenna,119,51,72-779,Mysłowice,Elektryczny,Górnik,Umowa zlecenie,2016-07-23,-800,D,NIE,TAK,12,Sandra Hołota,694 826 899,W trakcie szkolenia
EMP-00804,Róża,Wrochna,1991-04-26,59202461752,508 386 888,user804@example.com,Bolesława Krzywoustego,62,66,73-122,Kwidzyn,Transport,Kierownik Oddziału,Umowa zlecenie,2012-08-14,-100,B,TAK,TAK,7,pan Grzegorz Sieja,889 625 719,
EMP-00805,Gaja,Ufnal,1984-08-15,55955017833,600 126 578,user805@example.com,Widok,175,65,72-851,Siedlce,Mechaniczny,Górnik,Umowa na czas określony,2016-03-14,-200,C,NIE,TAK,10,Bartek Ficner,538 095 217,Badania ważne
EMP-00806,Ignacy,Kudłacik,1980-11-22,36079848704,+48 577 412 746,user806@example.com,Kaszubska,105,,24-803,Zabrze,Elektryczny,Inspektor BHP,Umowa na czas określony,2018-05-25,-300,A,NIE,TAK,10,Rozalia Beck,+48 32 824 19 96,Badania ważne
EMP-00807,Kajetan,Przewoźnik,2004-01-16,59374403946,609 758 917,user807@example.com,Nowa,136,,91-903,Łomża,Wentylacja,Sztygar,Umowa na czas określony,2017-03-02,-300,A,TAK,TAK,7,pani Kaja Szlęk,22 854 57 05,
EMP-00808,Jakub,Tryc,1983-11-07,01488608490,+48 692 257 090,user808@example.com,Średnia,137,71,07-065,Czerwionka-Leszczyny,Przeróbka,Kierownik Oddziału,Umowa zlecenie,2018-04-26,-400,B,TAK,TAK,9,Borys Zander,796 407 232,W trakcie szkolenia
EMP-00809,Kajetan,Ułanowicz,1977-08-01,28306153701,668 954 001,user809@example.com,Wybickiego,44,38,67-668,Czechowice-Dziedzice,Geologia,Kierownik Zmiany,Umowa zlecenie,2024-03-20,-200,C,TAK,TAK,4,Miłosz Kocoł,737 312 616,W trakcie szkolenia
EMP-00810,Mariusz,Cichowlas,2004-02-09,51448811210,+48 571 058 011,user810@example.com,Składowa,200,,48-999,Warszawa,Przeróbka,Starszy Górnik,Umowa na czas określony,2018-12-01,-200,A,NIE,TAK,2,Marcelina Gaś,+48 32 115 26 10,Badania ważne
EMP-00811,Monika,Lesisz,1996-03-13,78179415152,22 923 00 71,user811@example.com,Księżycowa,140,,76-322,Pszczyna,Administracja,Elektryk,Umowa o pracę,2013-09-27,-400,B,NIE,TAK,3,Jan Romejko,731 894 854,Uprawnienia SEP
EMP-00812,Nicole,Margas,1975-07-11,28837505661,+48 536 989 365,user812@example.com,Sikorskiego,55,,77-264,Tczew,Administracja,Kierownik Zmiany,Umowa na czas określony,2020-08-15,-800,D,TAK,NIE,12,pan Gabriel Osipiuk,+48 881 982 734,W trakcie szkolenia
EMP-00813,Wojciech,Muniak,1998-11-18,37876553007,735 025 896,user813@example.com,Północna,147,,88-188,Gliwice,BHP,Młodszy Górnik,Umowa B2B,2011-05-12,-200,A,NIE,TAK,12,pan Dominik Sowała,+48 32 574 83 52,
EMP-00814,Jeremi,Cydzik,1983-04-10,71219881927,+48 510 673 983,user814@example.com,Królewska,31,,33-913,Będzin,BHP,Kierownik Zmiany,Umowa zlecenie,2010-12-30,-400,C,TAK,TAK,9,Krystyna Kiepura,665 364 628,Operator maszyn
EMP-00815,Adrianna,Rozumek,1968-05-04,01042462456,+48 534 065 795,user815@example.com,Kołłątaja,20,64,11-373,Otwock,Transport,Nadsztygar,Umowa na czas określony,2015-06-29,-100,C,TAK,TAK,1,Gabriel Sopata,660 908 551,Ratownik górniczy
EMP-00816,Fabian,Józefczak,1968-02-23,21289915114,509 131 117,user816@example.com,Hutnicza,82,,65-964,Nysa,Administracja,Kierownik Zmiany,Umowa zlecenie,2020-05-05,-800,C,TAK,NIE,2,Kacper Garczarek,794 760 220,Uprawnienia SEP
EMP-00817,Jerzy,Puto,1982-09-09,44881898484,22 412 01 22,user817@example.com,Andersa,193,6,41-804,Swarzędz,Geologia,Górnik,Umowa o pracę,2020-03-18,-100,D,NIE,TAK,5,pani Kamila Boruc,+48 22 601 51 53,W trakcie szkolenia
EMP-00818,Mieszko,Pajdak,2000-12-15,21190170756,+48 739 479 507,user818@example.com,Traugutta,68,,06-979,Brzeg,Przeróbka,Górnik,Umowa B2B,2025-04-20,-500,A,NIE,TAK,3,Sara Zander,692 798 059,W trakcie szkolenia
EMP-00819,Jerzy,Wielgat,1993-05-29,10732283608,32 100 64 93,user819@example.com,Żwirowa,127,,99-739,Wrocław,Wydobycie,Inspektor BHP,Umowa na czas określony,2020-08-03,-300,B,NIE,TAK,10,Elżbieta Szynkiewicz,504 520 360,W trakcie szkolenia
EMP-00820,Ryszard,Kokosza,1986-09-14,38452696944,538 491 359,user820@example.com,Rycerska,181,54,23-983,Myszków,Administracja,Kierownik Oddziału,Umowa na czas określony,2021-06-28,-200,A,TAK,TAK,2,pani Elżbieta Bakiera,725 952 056,Operator maszyn
EMP-00821,Ada,Trojanek,1969-04-09,34292913203,+48 690 069 680,user821@example.com,Długa,188,10,70-397,Jawor,Utrzymanie Ruchu,Inspektor BHP,Umowa zlecenie,2010-12-23,-200,A,NIE,TAK,2,pan Adrian Sych,32 378 42 33,Badania ważne
EMP-00822,Elżbieta,Matyjasek,1989-04-03,31061537221,883 006 776,user822@example.com,Zapolskiej,84,53,21-343,Świętochłowice,Mechaniczny,Górnik,Umowa B2B,2014-10-02,-800,C,NIE,TAK,11,Przemysław Patrzałek,+48 735 017 365,Uprawnienia SEP
EMP-00823,Daniel,Lesiewicz,1976-08-25,23653377460,577 842 902,user823@example.com,Bankowa,111,,74-720,Środa Wielkopolska,Wydobycie,Geolog,Umowa o pracę,2024-10-12,-300,A,NIE,TAK,9,Borys Imiela,724 511 009,Ratownik górniczy
EMP-00824,Sandra,Pałęga,1968-01-14,61424426078,+48 780 530 886,user824@example.com,Waryńskiego,90,,33-249,Wrocław,Elektryczny,Sztygar,Umowa zlecenie,2024-09-19,-100,D,TAK,TAK,8,Oliwier Janasik,+48 506 732 904,Operator maszyn
EMP-00825,Agnieszka,Rezler,2002-04-20,27372037638,32 988 75 92,user825@example.com,Wspólna,29,35,22-608,Świebodzice,Mechaniczny,Nadsztygar,Umowa B2B,2015-07-03,-500,B,TAK,TAK,5,Fabian Falba,+48 500 336 202,W trakcie szkolenia
EMP-00826,Daniel,Brańka,1984-09-30,46019134438,737 709 207,user826@example.com,Wolności,161,,12-821,Wodzisław Śląski,Utrzymanie Ruchu,Elektryk,Umowa o pracę,2015-10-26,-800,B,NIE,TAK,12,Artur Dzienisz,32 802 36 21,Badania ważne
EMP-00827,Alan,Prucnal,1992-04-29,95073214644,888 189 705,user827@example.com,Górnicza,161,52,13-445,Gorzów Wielkopolski,Przeróbka,Kierownik Oddziału,Umowa na czas określony,2019-12-31,-500,B,TAK,TAK,10,Nela Toborek,698 558 819,Uprawnienia SEP
EMP-00828,Marcelina,Pacholczak,2001-09-03,50557385736,+48 572 168 800,user828@example.com,Morcinka,177,,99-348,Chełm,Administracja,Sztygar,Umowa zlecenie,2019-05-11,-500,A,TAK,TAK,7,pan Filip Łasica,+48 509 289 728,
EMP-00829,Fabian,Szyma,1977-06-27,76811872333,511 822 720,user829@example.com,Nowa,10,,23-565,Gniezno,Administracja,Sztygar,Umowa na czas określony,2025-10-23,-300,A,TAK,TAK,5,Julita Szymańczyk,+48 733 220 414,W trakcie szkolenia
EMP-00830,Bruno,Hamerla,1977-08-05,73153911498,608 116 599,user830@example.com,Sarnia,12,61,26-718,Łódź,Mechaniczny,Inspektor BHP,Umowa zlecenie,2026-03-28,-650,B,NIE,TAK,8,Bartek Szymańczyk,513 042 322,Uprawnienia SEP
EMP-00831,Hubert,Juraszczyk,1995-02-14,51189394065,573 530 281,user831@example.com,Dobra,143,,43-908,Częstochowa,Przeróbka,Kierownik Oddziału,Umowa o pracę,2018-03-11,-300,D,TAK,TAK,4,Iwo Tylman,690 059 377,Uprawnienia SEP
EMP-00832,Janina,Prokopczyk,1984-10-29,30233324707,+48 728 321 029,user832@example.com,Modrzewiowa,9,,54-700,Wągrowiec,BHP,Starszy Górnik,Umowa B2B,2016-07-17,-200,B,NIE,TAK,3,Natasza Pilarek,+48 509 029 831,W trakcie szkolenia
EMP-00833,Witold,Penar,2004-03-17,27602508261,+48 888 419 662,user833@example.com,Kochanowskiego,55,,73-084,Lubin,Geologia,Młodszy Górnik,Umowa o pracę,2010-06-25,-100,B,NIE,TAK,4,Sandra Kleban,508 056 856,W trakcie szkolenia
EMP-00834,Róża,Szumacher,2000-02-07,48889957298,516 362 198,user834@example.com,Olchowa,115,,47-371,Toruń,Administracja,Starszy Górnik,Umowa na czas określony,2024-12-02,-650,B,NIE,TAK,6,Elżbieta Weremczuk,32 440 76 63,Ratownik górniczy
EMP-00835,Rafał,Ochał,1993-11-02,30364687191,729 650 496,user835@example.com,Warszawska,14,,59-195,Włocławek,Mechaniczny,Inspektor BHP,Umowa na czas określony,2019-12-11,-800,B,NIE,TAK,11,Ernest Cieciura,+48 511 142 436,Badania ważne
EMP-00836,Cyprian,Żyto,1993-01-23,20828323089,+48 665 421 880,user836@example.com,Tartaczna,62,,95-505,Giżycko,BHP,Operator,Umowa o pracę,2025-02-14,-500,A,NIE,TAK,5,Kalina Skała,+48 733 419 964,Ratownik górniczy
EMP-00837,Tadeusz,Więcławek,1975-04-09,22067323182,604 725 058,user837@example.com,Dąbrowskiego,19,,29-252,Kędzierzyn-Koźle,BHP,Elektryk,Umowa na czas określony,2019-03-16,-500,D,NIE,TAK,11,Filip Krzeszowiec,+48 793 115 876,Ratownik górniczy
EMP-00838,Cezary,Milcarz,1967-07-25,00000015291,+48 22 769 47 57,user838@example.com,Starowiejska,124,13,76-730,Kościan,Mechaniczny,Kierownik Zmiany,Umowa B2B,2026-02-12,-100,B,TAK,TAK,11,Józef Glanc,883 659 746,W trakcie szkolenia
EMP-00839,Nela,Burczak,1981-11-29,02556184442,+48 32 163 42 12,user839@example.com,Liliowa,154,74,37-379,Gdańsk,Transport,Inspektor BHP,Umowa na czas określony,2021-12-22,-100,B,NIE,TAK,2,Anita Kloska,22 948 15 26,Uprawnienia SEP
EMP-00840,Mariusz,Buszko,1990-04-13,48905670867,+48 506 472 130,user840@example.com,Brzoskwiniowa,154,,36-140,Zamość,Transport,Starszy Górnik,Umowa zlecenie,2015-04-25,-100,A,NIE,TAK,6,pani Róża Bączkiewicz,+48 501 404 893,W trakcie szkolenia
EMP-00841,Urszula,Łudzik,1976-05-10,15848266913,574 543 079,user841@example.com,Powstańców Wielkopolskich,69,,29-674,Reda,BHP,Kierownik Zmiany,Umowa B2B,2024-10-02,-400,B,TAK,TAK,6,pan Mikołaj Hanusiak,500 817 852,Ratownik górniczy
EMP-00842,Leonard,Korbut,1972-02-16,96080706336,+48 667 184 523,user842@example.com,Wrocławska,159,,85-287,Koło,Administracja,Starszy Górnik,Umowa zlecenie,2011-12-24,-500,D,NIE,TAK,2,Kornelia Stark,+48 607 447 017,
EMP-00843,Szymon,Domurad,1974-03-16,01648188044,+48 606 523 777,user843@example.com,Sikorskiego,141,61,74-441,Piaseczno,Wentylacja,Nadsztygar,Umowa zlecenie,2025-11-13,-800,B,TAK,TAK,12,pani Monika Gasik,+48 530 140 052,Uprawnienia SEP
EMP-00844,Wiktor,Rybus,1998-12-28,16432126942,885 800 027,user844@example.com,Rataja,105,,23-747,Zielona Góra,Wydobycie,Elektryk,Umowa zlecenie,2025-05-02,-500,C,NIE,TAK,12,Fabian Dadej,797 316 094,Uprawnienia SEP
EMP-00845,Marcel,Mandrysz,1975-07-07,86314417064,696 817 203,user845@example.com,Prusa,41,46,26-388,Brodnica,Transport,Kierownik Zmiany,Umowa o pracę,2019-06-08,-650,D,TAK,TAK,7,pani Nicole Golda,+48 606 209 297,Uprawnienia SEP
EMP-00846,Mariusz,Zapora,1997-10-22,55824301764,883 322 273,user846@example.com,Zakole,75,,79-195,Dzierżoniów,Wentylacja,Operator,Umowa o pracę,2015-08-28,-400,C,NIE,TAK,4,Jakub Steinke,887 353 236,Badania ważne
EMP-00847,Filip,Mulawa,1983-07-08,88245279050,+48 501 087 082,user847@example.com,Jana III Sobieskiego,75,,78-510,Opole,Wentylacja,Operator,Umowa zlecenie,2018-05-05,-300,A,NIE,TAK,4,Ksawery Czubaszek,511 071 261,Badania ważne
EMP-00848,Bianka,Olko,1980-08-12,95163211197,+48 668 217 648,user848@example.com,Wschodnia,185,,52-490,Lubin,Administracja,Nadsztygar,Umowa zlecenie,2023-11-26,-500,D,TAK,TAK,10,pani Elżbieta Kutera,602 332 228,
EMP-00849,Aleks,Pokrzywa,1967-02-13,37326530601,605 892 225,user849@example.com,Lawendowa,195,42,08-387,Piotrków Trybunalski,Przeróbka,Geolog,Umowa na czas określony,2011-09-30,-100,D,NIE,TAK,7,pani Karina Bacia,516 373 118,Badania ważne
EMP-00850,Marika,Giec,1968-08-29,80023009156,573 075 384,user850@example.com,Pszenna,153,,16-669,Bielawa,Wentylacja,Operator,Umowa na czas określony,2016-07-11,-100,B,NIE,TAK,8,pani Kamila Orpel,+48 781 362 608,W trakcie szkolenia
EMP-00851,Olaf,Zasępa,1997-10-29,74491609365,22 756 15 47,user851@example.com,Klonowa,35,,47-327,Przemyśl,Transport,Operator,Umowa o pracę,2020-12-01,-500,C,NIE,TAK,9,Tymoteusz Franków,+48 781 516 411,W trakcie szkolenia
EMP-00852,Cyprian,Skupin,1989-02-03,41843368750,+48 514 091 969,user852@example.com,Chabrowa,194,,76-329,Jarosław,Utrzymanie Ruchu,Inspektor BHP,Umowa zlecenie,2025-02-06,-500,B,NIE,TAK,10,pan Tomasz Saj,+48 570 204 262,Badania ważne
EMP-00853,Sonia,Prokopczyk,1993-02-09,21374556114,601 241 393,user853@example.com,Morcinka,34,67,92-441,Pruszcz Gdański,Wydobycie,Elektryk,Umowa B2B,2011-03-04,-100,C,NIE,TAK,6,Marcelina Gryciuk,+48 697 609 873,Uprawnienia SEP
EMP-00854,Karina,Słaba,1969-05-30,66608112600,539 227 607,user854@example.com,Dworska,134,27,90-591,Police,Geologia,Mechanik,Umowa na czas określony,2017-01-04,-200,A,NIE,NIE,2,pan Kajetan Słoń,22 394 31 91,
EMP-00855,Fabian,Kulisz,1991-08-23,27153123455,508 952 312,user855@example.com,Klonowa,131,,21-124,Bochnia,Geologia,Kierownik Oddziału,Umowa o pracę,2016-04-14,-100,D,TAK,TAK,11,Maks Penar,505 764 497,Operator maszyn
EMP-00856,Jan,Niedbał,1998-06-05,82938440134,510 268 764,user856@example.com,Kazimierza Wielkiego,136,,70-682,Zambrów,BHP,Kierownik Oddziału,Umowa B2B,2014-09-03,-500,A,TAK,TAK,8,Sonia Linda,789 797 416,W trakcie szkolenia
EMP-00857,Mieszko,Prostak,1999-02-03,82603359101,+48 790 450 063,user857@example.com,Kołłątaja,116,,41-716,Siemianowice Śląskie,Mechaniczny,Elektryk,Umowa B2B,2016-05-05,-650,C,NIE,NIE,10,pan Kacper Myk,+48 886 496 927,W trakcie szkolenia
EMP-00858,Sylwia,Fijałek,1984-02-06,44920749269,882 963 530,user858@example.com,Sawickiej,197,80,48-608,Żary,Transport,Młodszy Górnik,Umowa na czas określony,2011-10-23,-650,D,NIE,TAK,9,Kajetan Łabno,881 282 763,Ratownik górniczy
EMP-00859,Maksymilian,Henke,1983-07-05,85969325914,799 489 895,user859@example.com,Ptasia,146,,51-358,Bełchatów,Utrzymanie Ruchu,Starszy Górnik,Umowa zlecenie,2013-11-11,-100,C,NIE,TAK,3,Justyna Młot,785 443 441,Uprawnienia SEP
EMP-00860,Marcel,Wołkowicz,1998-02-10,26698069087,+48 699 939 344,user860@example.com,Perłowa,164,16,58-292,Suwałki,Geologia,Nadsztygar,Umowa o pracę,2015-01-08,-200,D,TAK,TAK,3,Kalina Gorgol,508 822 309,W trakcie szkolenia
EMP-00861,Malwina,Korniak,1979-07-28,48389359538,699 889 413,user861@example.com,Jasna,73,1,14-991,Łódź,Geologia,Sztygar,Umowa o pracę,2016-11-28,-200,A,TAK,TAK,12,pan Antoni Duszczak,661 707 548,Badania ważne
EMP-00862,Klara,Kościołek,1980-05-09,65082695826,797 922 030,user862@example.com,Cicha,24,71,39-285,Mława,Administracja,Inspektor BHP,Umowa na czas określony,2014-09-21,-650,C,NIE,TAK,7,Emil Baumgart,532 939 002,W trakcie szkolenia
EMP-00863,Dominik,Kopa,2002-05-02,30876123859,32 137 56 58,user863@example.com,Lisia,65,25,77-402,Inowrocław,Geologia,Młodszy Górnik,Umowa zlecenie,2024-05-20,-300,A,NIE,TAK,10,pani Krystyna Kuban,22 708 61 99,Ratownik górniczy
EMP-00864,Olgierd,Pleban,1975-03-07,40027300869,783 456 631,user864@example.com,Długa,17,,29-957,Czeladź,Geologia,Elektryk,Umowa zlecenie,2011-02-18,-400,D,NIE,TAK,2,pani Sara Półchłopek,663 622 033,W trakcie szkolenia
EMP-00865,Błażej,Świadek,1978-11-05,95001680941,691 043 796,user865@example.com,Cyprysowa,189,,95-710,Wałcz,Elektryczny,Sztygar,Umowa na czas określony,2014-10-25,-300,A,TAK,TAK,11,Rozalia Tyniec,500 852 946,Badania ważne
EMP-00866,Marcin,Garbaciak,1996-07-29,97620534407,+48 32 177 41 74,user866@example.com,Prosta,154,37,05-310,Ostrowiec Świętokrzyski,Utrzymanie Ruchu,Sztygar,Umowa o pracę,2025-10-10,-400,D,TAK,TAK,3,pani Marianna Szajna,+48 665 022 894,W trakcie szkolenia
EMP-00867,Adrianna,Kajdas,1983-05-01,62925081776,792 332 829,user867@example.com,Zachodnia,145,,02-140,Poznań,Transport,Kierownik Oddziału,Umowa o pracę,2015-07-26,-100,B,TAK,TAK,9,Kornel Kurp,+48 691 330 303,W trakcie szkolenia
EMP-00868,Monika,Miszkiewicz,1974-05-03,41333731255,+48 881 675 076,user868@example.com,Reymonta,52,45,62-625,Września,Przeróbka,Elektryk,Umowa na czas określony,2016-09-18,-650,B,NIE,TAK,2,pani Aniela Płocharczyk,+48 880 245 301,Operator maszyn
EMP-00869,Jerzy,Starostka,2004-02-09,32119206136,+48 698 472 303,user869@example.com,Piękna,34,60,92-940,Włocławek,Mechaniczny,Górnik,Umowa B2B,2012-11-05,-200,C,NIE,TAK,2,Hubert Dziduch,787 190 172,Uprawnienia SEP
EMP-00870,Adrian,Cherek,2004-09-30,71844490295,515 076 487,user870@example.com,Kaliska,102,,14-852,Chrzanów,Przeróbka,Sztygar,Umowa na czas określony,2020-11-19,-100,B,TAK,TAK,5,pan Adrian Pyza,579 924 065,
EMP-00871,Monika,Golda,1992-01-14,73416781277,+48 32 725 81 22,user871@example.com,Mieszka I,48,,77-042,Śrem,Utrzymanie Ruchu,Sztygar,Umowa o pracę,2013-09-27,-650,B,TAK,TAK,10,pani Marika Makulec,+48 664 482 373,Badania ważne
EMP-00872,Igor,Koloch,1991-07-14,13486298579,661 211 018,user872@example.com,Gałczynskiego,195,,66-043,Chełm,Mechaniczny,Starszy Górnik,Umowa zlecenie,2017-06-03,-400,B,NIE,TAK,9,pani Tola Kawulok,+48 720 170 740,Uprawnienia SEP
EMP-00873,Krystian,Nicewicz,1998-05-12,56053970798,579 994 529,user873@example.com,Mieszka I,104,16,95-908,Zambrów,Elektryczny,Elektryk,Umowa o pracę,2025-05-02,-650,D,NIE,TAK,8,Anastazja Dziedzina,662 276 433,Uprawnienia SEP
EMP-00874,Michał,Cis,1988-09-29,82050682122,+48 22 422 16 26,user874@example.com,Maczka,84,,42-702,Kędzierzyn-Koźle,Geologia,Kierownik Oddziału,Umowa B2B,2012-12-27,-200,C,TAK,TAK,6,Eryk Borysiewicz,+48 880 833 444,Badania ważne
EMP-00875,Kacper,Teterycz,1984-02-27,14692182192,+48 608 789 950,user875@example.com,Piękna,117,,60-022,Jastrzębie-Zdrój,Mechaniczny,Mechanik,Umowa B2B,2024-11-17,-300,D,NIE,TAK,7,Mariusz Szkaradek,+48 786 851 953,Badania ważne
EMP-00876,Juliusz,Elwart,1997-12-19,84802205093,+48 792 663 295,user876@example.com,Towarowa,185,77,30-275,Siedlce,Mechaniczny,Inspektor BHP,Umowa B2B,2017-05-15,-650,D,NIE,TAK,5,pan Marek Rećko,+48 32 225 92 06,Badania ważne
EMP-00877,Rozalia,Damps,1969-08-31,98811457887,609 205 922,user877@example.com,Śląska,178,,37-120,Rzeszów,BHP,Kierownik Zmiany,Umowa zlecenie,2016-07-26,-800,A,TAK,TAK,9,pani Sara Truchan,609 559 636,Operator maszyn
EMP-00878,Marcin,Bandyk,1976-03-21,67382097461,+48 512 942 066,user878@example.com,Wrzosowa,185,60,43-680,Kędzierzyn-Koźle,Administracja,Mechanik,Umowa na czas określony,2020-12-28,-500,A,NIE,TAK,9,Bianka Boba,573 313 800,Uprawnienia SEP
EMP-00879,Artur,Stochel,1977-05-07,96872258937,+48 22 211 22 12,user879@example.com,Konopnickiej,165,69,48-768,Pruszków,Mechaniczny,Inspektor BHP,Umowa o pracę,2018-10-15,-650,A,NIE,TAK,11,Mariusz Lempart,606 868 764,Uprawnienia SEP
EMP-00880,Janina,Chwała,2002-03-10,35040566957,+48 605 488 064,user880@example.com,Stycznia,8,,97-137,Wałcz,Transport,Geolog,Umowa zlecenie,2011-09-17,-500,A,NIE,TAK,6,Maciej Kolka,+48 502 987 787,Ratownik górniczy
EMP-00881,Arkadiusz,Smykała,1976-03-23,28679632594,+48 886 646 419,user881@example.com,Fredry,163,18,93-133,Stargard Szczeciński,Geologia,Nadsztygar,Umowa zlecenie,2015-02-27,-200,B,TAK,TAK,9,Grzegorz Sieradzan,+48 722 622 132,Badania ważne
EMP-00882,Aleksander,Fit,1967-02-16,56241528572,669 483 147,user882@example.com,Waryńskiego,43,,73-792,Bartoszyce,Geologia,Młodszy Górnik,Umowa zlecenie,2021-05-08,-300,D,NIE,TAK,6,Tomasz Żółtek,+48 22 972 69 99,Badania ważne
EMP-00883,Anna Maria,Grzech,2005-07-07,51381865507,+48 732 831 800,user883@example.com,Kalinowa,99,72,56-433,Sieradz,Wydobycie,Inspektor BHP,Umowa B2B,2014-07-26,-500,C,NIE,TAK,11,Alan Wiewiórka,500 053 285,Ratownik górniczy
EMP-00884,Patryk,Smoter,1974-03-07,30349189117,790 524 383,user884@example.com,Lipca,43,,91-002,Skierniewice,Mechaniczny,Nadsztygar,Umowa B2B,2016-07-06,-500,D,TAK,NIE,4,Urszula Miecznik,+48 32 929 90 07,Ratownik górniczy
EMP-00885,Miłosz,Labocha,1982-05-15,15364154715,+48 536 332 838,user885@example.com,Bociania,52,,50-690,Ostrów Wielkopolski,Utrzymanie Ruchu,Górnik,Umowa B2B,2021-06-21,-800,C,NIE,NIE,4,Karina Wielgos,+48 881 851 862,Operator maszyn
EMP-00886,Justyna,Skałka,1982-05-08,81367500942,781 013 282,user886@example.com,Orzechowa,73,,29-735,Krotoszyn,BHP,Mechanik,Umowa zlecenie,2011-09-22,-650,A,NIE,TAK,7,Oskar Beck,+48 668 352 791,Badania ważne
EMP-00887,Michał,Gołofit,1987-07-31,19878092704,+48 577 610 659,user887@example.com,Warszawska,61,66,01-651,Iława,Geologia,Elektryk,Umowa zlecenie,2015-05-09,-300,B,NIE,TAK,6,Cezary Wylegała,32 192 79 76,Badania ważne
EMP-00888,Kamil,Nicewicz,1971-02-12,60598678744,+48 696 983 845,user888@example.com,Bankowa,36,64,64-183,Świebodzice,Mechaniczny,Kierownik Oddziału,Umowa B2B,2025-02-05,-800,B,TAK,TAK,9,Krystian Kurczab,+48 506 568 629,W trakcie szkolenia
EMP-00889,Patryk,Nazimek,2001-03-28,96559428249,797 349 899,user889@example.com,Witosa,178,55,44-334,Suwałki,Wydobycie,Kierownik Zmiany,Umowa zlecenie,2019-06-14,-100,A,TAK,TAK,1,Justyna Piksa,+48 730 742 990,
EMP-00890,Julian,Dulemba,1984-03-31,45393132155,+48 726 694 179,user890@example.com,Wieniawskiego,2,42,51-497,Gdańsk,Elektryczny,Starszy Górnik,Umowa o pracę,2020-04-26,-100,B,NIE,TAK,4,Bianka Hein,+48 727 474 859,W trakcie szkolenia
EMP-00891,Jacek,Buczko,2000-06-20,68214448896,+48 603 984 167,user891@example.com,Asnyka,37,,37-860,Knurów,Geologia,Geolog,Umowa na czas określony,2014-09-04,-400,D,NIE,TAK,12,pani Marika Kostorz,+48 698 816 498,Ratownik górniczy
EMP-00892,Mateusz,Honkisz,1967-07-25,62025825431,+48 722 860 521,user892@example.com,Sportowa,45,,21-409,Chorzów,Utrzymanie Ruchu,Geolog,Umowa zlecenie,2014-10-08,-500,B,NIE,TAK,3,pan Konrad Wojtunik,788 900 824,Uprawnienia SEP
EMP-00893,Angelika,Piłka,1987-10-31,20491060183,32 308 89 83,user893@example.com,Piekarska,126,,06-338,Sochaczew,Mechaniczny,Inspektor BHP,Umowa na czas określony,2014-02-26,-400,C,NIE,TAK,1,Rozalia Pedrycz,729 974 185,Badania ważne
EMP-00894,Bartek,Litwiniuk,1983-01-31,76817225775,+48 535 000 305,user894@example.com,Promienna,144,35,50-779,Jarocin,Utrzymanie Ruchu,Starszy Górnik,Umowa na czas określony,2024-03-26,-300,C,NIE,TAK,10,Paweł Giel,+48 22 953 05 64,
EMP-00895,Sylwia,Chomik,1970-04-30,29187683160,22 784 67 90,user895@example.com,Cegielniana,184,,98-492,Kościan,Elektryczny,Kierownik Zmiany,Umowa zlecenie,2014-04-17,-500,B,TAK,TAK,8,Ignacy Osman,+48 572 600 136,W trakcie szkolenia
EMP-00896,Franciszek,Mitek,1981-05-04,37399205222,734 442 990,user896@example.com,Olchowa,190,,62-281,Bielsk Podlaski,Przeróbka,Sztygar,Umowa na czas określony,2021-04-24,-500,B,TAK,TAK,11,pani Liwia Masłoń,22 524 06 22,Badania ważne
EMP-00897,Gaja,Zaniewicz,1971-02-12,43882325539,+48 22 725 62 22,user897@example.com,Jesionowa,82,72,78-009,Starachowice,Transport,Młodszy Górnik,Umowa na czas określony,2024-12-19,-800,B,NIE,TAK,8,Przemysław Kościuszko,+48 734 704 747,W trakcie szkolenia
EMP-00898,Stefan,Buszta,2002-06-23,77326430954,+48 32 559 39 65,user898@example.com,Partyzantów,148,,13-869,Pabianice,Utrzymanie Ruchu,Geolog,Umowa na czas określony,2014-12-29,-800,C,NIE,NIE,10,Jędrzej Cichowlas,+48 571 245 531,Operator maszyn
EMP-00899,Gaja,Waniek,1973-02-03,29271205397,503 622 117,user899@example.com,Grabowa,185,,82-147,Kłodzko,Elektryczny,Górnik,Umowa B2B,2023-08-19,-800,D,NIE,TAK,10,pan Maksymilian Wójt,32 488 39 58,Badania ważne
EMP-00900,Bianka,Wudarczyk,1979-04-14,32201256083,662 942 525,user900@example.com,Żeromskiego,12,34,52-119,Jasło,Administracja,Elektryk,Umowa na czas określony,2021-02-06,-200,A,NIE,TAK,9,pani Karina Jantos,537 105 080,Badania ważne
EMP-00901,Robert,Brząkała,1980-12-22,75358523860,+48 534 473 535,user901@example.com,Pszenna,52,3,19-305,Bolesławiec,Transport,Inspektor BHP,Umowa zlecenie,2019-11-09,-800,A,NIE,TAK,11,Kamil Krzystek,+48 32 715 94 97,
EMP-00902,Gabriel,Pyda,1974-06-03,95171523910,793 788 033,user902@example.com,Jesionowa,165,,68-223,Szczecinek,Administracja,Inspektor BHP,Umowa B2B,2014-10-05,-800,B,NIE,TAK,2,Krzysztof Puc,693 892 608,Ratownik górniczy
EMP-00903,Tymoteusz,Kadela,1985-06-03,74830930967,+48 661 527 873,user903@example.com,Szkolna,176,76,37-848,Oława,Przeróbka,Sztygar,Umowa o pracę,2018-10-18,-100,B,TAK,TAK,7,Daniel Kobryń,+48 781 521 746,
EMP-00904,Arkadiusz,Sarosiek,1979-07-07,22132176720,727 801 891,user904@example.com,Kraszewskiego,30,15,55-703,Sopot,Geologia,Geolog,Umowa o pracę,2020-11-13,-100,A,NIE,TAK,3,Aleks Kosidło,+48 22 671 77 62,
EMP-00905,Wiktor,Kędziorek,1990-02-22,90725873393,723 629 994,user905@example.com,Narutowicza,147,25,81-813,Nowa Sól,Geologia,Młodszy Górnik,Umowa B2B,2016-07-15,-100,C,NIE,TAK,9,Cyprian Myszk,+48 729 990 010,
EMP-00906,Malwina,Mak,1987-09-26,27481242114,+48 690 835 211,user906@example.com,Skargi,161,,77-420,Żagań,BHP,Geolog,Umowa o pracę,2019-02-10,-100,D,NIE,NIE,11,Stefan Gonsior,+48 734 648 849,Ratownik górniczy
EMP-00907,Róża,Sadowy,1996-06-27,29462093556,887 285 759,user907@example.com,Stefana Batorego,190,,97-533,Zielona Góra,Administracja,Starszy Górnik,Umowa B2B,2024-10-25,-800,A,NIE,TAK,12,Tola Irzyk,662 179 789,Badania ważne
EMP-00908,Wojciech,Kultys,1992-11-09,01371243658,604 883 971,user908@example.com,Pomorska,100,,02-949,Starachowice,Wentylacja,Mechanik,Umowa o pracę,2020-11-23,-300,C,NIE,TAK,2,Błażej Cymer,+48 32 143 67 28,W trakcie szkolenia
EMP-00909,Paweł,Bartocha,2006-03-29,02706159273,663 038 856,user909@example.com,Jabłoniowa,72,,15-794,Bytom,Administracja,Starszy Górnik,Umowa o pracę,2026-02-24,-500,D,NIE,TAK,12,Marika Drożdżal,+48 661 459 009,W trakcie szkolenia
EMP-00910,Anita,Rosada,1992-09-17,66906322481,+48 22 217 79 05,user910@example.com,Morelowa,67,,19-574,Świdnik,Wentylacja,Młodszy Górnik,Umowa B2B,2024-03-31,-300,C,NIE,TAK,4,Janina Drygała,725 158 807,
EMP-00911,Alex,Borysiewicz,2004-11-21,09567975649,606 011 939,user911@example.com,Boczna,114,76,02-255,Nowy Targ,BHP,Młodszy Górnik,Umowa B2B,2010-03-13,-100,C,NIE,TAK,3,Anita Dziełak,782 551 360,Uprawnienia SEP
EMP-00912,Arkadiusz,Sibiga,1989-05-27,71247601080,+48 661 810 450,user912@example.com,Południowa,132,,39-218,Skawina,Wentylacja,Nadsztygar,Umowa o pracę,2021-05-07,-800,A,TAK,TAK,9,pan Ksawery Osiadacz,798 736 627,Uprawnienia SEP
EMP-00913,Apolonia,Lula,1969-08-07,76417268080,+48 726 933 539,user913@example.com,Rózana,187,47,91-008,Gorlice,Przeróbka,Młodszy Górnik,Umowa zlecenie,2021-05-08,-500,A,NIE,NIE,1,pani Elżbieta Skocz,+48 511 547 315,W trakcie szkolenia
EMP-00914,Tadeusz,Pospiech,2000-11-15,50713806713,+48 579 255 116,user914@example.com,Piastowska,183,30,32-403,Jarocin,Przeróbka,Młodszy Górnik,Umowa o pracę,2023-06-29,-100,D,NIE,TAK,6,Łukasz Srokosz,+48 603 772 702,Badania ważne
EMP-00915,Albert,Dąbrówka,1988-03-26,74362130096,505 342 816,user915@example.com,Broniewskiego,137,68,33-071,Kluczbork,Elektryczny,Nadsztygar,Umowa na czas określony,2016-12-08,-200,C,TAK,TAK,10,Igor Rajczyk,579 753 584,Ratownik górniczy
EMP-00916,Mariusz,Kołton,1982-10-30,03180533962,513 880 273,user916@example.com,Szkolna,66,56,34-147,Wołomin,Geologia,Mechanik,Umowa zlecenie,2014-05-15,-800,D,NIE,TAK,6,Nikodem Maciejko,608 144 471,Badania ważne
EMP-00917,Tola,Zaucha,1987-08-07,83270004666,+48 32 309 69 06,user917@example.com,Strumykowa,85,,52-267,Białogard,Przeróbka,Młodszy Górnik,Umowa o pracę,2019-07-10,-100,C,NIE,TAK,8,Nicole Romaniak,668 849 874,Badania ważne
EMP-00918,Nataniel,Pietrasz,2001-04-16,71400493881,+48 22 358 72 71,user918@example.com,Brzoskwiniowa,147,1,35-910,Piła,Wentylacja,Mechanik,Umowa o pracę,2022-05-28,-800,C,NIE,TAK,3,Kaja Kujda,+48 668 116 403,
EMP-00919,Nela,Wiza,1978-08-25,99809497698,+48 601 873 877,user919@example.com,Majowa,166,,96-368,Lębork,Elektryczny,Nadsztygar,Umowa na czas określony,2013-06-04,-400,B,TAK,TAK,7,Jerzy Neska,+48 504 770 413,Operator maszyn
EMP-00920,Kamil,Moskalik,1995-02-22,84166123740,698 602 826,user920@example.com,Chopina,147,,45-271,Jastrzębie-Zdrój,Wentylacja,Inspektor BHP,Umowa zlecenie,2019-12-13,-400,D,NIE,TAK,7,Błażej Miszkiewicz,+48 732 319 057,Uprawnienia SEP
EMP-00921,Konstanty,Ciepłuch,1984-12-01,89949919701,500 794 193,user921@example.com,Wodna,43,,35-381,Środa Wielkopolska,Wydobycie,Sztygar,Umowa zlecenie,2010-02-13,-650,C,TAK,TAK,1,Bianka Bernatek,530 979 412,Badania ważne
EMP-00922,Roksana,Zimoń,1972-03-18,82116020418,+48 698 726 496,user922@example.com,Rzeczna,61,48,24-182,Rumia,Utrzymanie Ruchu,Mechanik,Umowa o pracę,2014-07-22,-800,A,NIE,TAK,8,Anastazja Potoczek,782 240 432,
EMP-00923,Mikołaj,Muniak,1983-03-19,88948018644,694 686 163,user923@example.com,Swierkowa,42,16,61-013,Legnica,BHP,Operator,Umowa zlecenie,2011-10-10,-500,B,NIE,NIE,8,Adrianna Milka,+48 732 020 095,Badania ważne
EMP-00924,Urszula,Calik,1997-08-15,70820048067,601 953 689,user924@example.com,Kolejowa,171,,02-348,Żary,Wentylacja,Kierownik Zmiany,Umowa na czas określony,2013-11-21,-300,D,TAK,NIE,2,pan Bartek Jędruch,577 325 900,Ratownik górniczy
EMP-00925,Marcelina,Siemieniec,1998-05-21,61128794296,690 722 113,user925@example.com,Skargi,119,51,49-580,Białystok,Wydobycie,Inspektor BHP,Umowa B2B,2013-07-22,-500,B,NIE,TAK,10,pan Arkadiusz Hanus,+48 572 210 454,Ratownik górniczy
EMP-00926,Anastazja,Bereda,1996-03-08,14196156078,+48 692 817 074,user926@example.com,Stycznia,46,63,32-417,Radom,Mechaniczny,Sztygar,Umowa zlecenie,2023-01-11,-650,B,TAK,TAK,12,Artur Andziak,784 225 216,Operator maszyn
EMP-00927,Bruno,Koczara,1967-01-22,17962409649,731 209 447,user927@example.com,Porzeczkowa,140,32,24-385,Turek,Administracja,Kierownik Zmiany,Umowa na czas określony,2015-08-18,-400,D,TAK,TAK,5,Nikodem Krzosek,666 551 327,Operator maszyn
EMP-00928,Radosław,Prasek,1982-10-21,42170285162,+48 660 245 598,user928@example.com,Harcerska,149,32,15-392,Katowice,Transport,Elektryk,Umowa zlecenie,2020-09-18,-200,C,NIE,TAK,9,Dominik Majak,+48 691 589 126,Badania ważne
EMP-00929,Stefan,Pela,1988-01-24,48688390624,+48 728 647 868,user929@example.com,Wysoka,39,68,54-130,Gniezno,Administracja,Sztygar,Umowa o pracę,2016-08-27,-400,D,TAK,TAK,1,pan Antoni Rychel,+48 608 447 408,Badania ważne
EMP-00930,Dagmara,Janasik,1996-05-30,14131935923,+48 691 907 499,user930@example.com,Wiosenna,28,,11-448,Będzin,Elektryczny,Młodszy Górnik,Umowa na czas określony,2017-03-17,-650,D,NIE,TAK,6,Franciszek Bondaruk,+48 698 369 235,Uprawnienia SEP
EMP-00931,Cezary,Herdzik,2005-08-18,04588165025,+48 514 708 213,user931@example.com,Krokusowa,127,19,68-421,Legionowo,Przeróbka,Sztygar,Umowa o pracę,2014-08-01,-300,C,TAK,TAK,6,Kornelia Wojnicz,600 212 372,W trakcie szkolenia
EMP-00932,Kornel,Iwańczyk,2001-02-03,34409661771,693 000 088,user932@example.com,Narutowicza,180,,32-813,Ełk,Mechaniczny,Górnik,Umowa o pracę,2015-11-28,-800,B,NIE,TAK,8,Agnieszka Gogacz,+48 691 900 889,Badania ważne
EMP-00933,Tomasz,Hajduga,1997-03-03,14174681359,731 600 916,user933@example.com,Szafirowa,161,49,97-760,Gorlice,Mechaniczny,Starszy Górnik,Umowa na czas określony,2019-05-06,-200,D,NIE,NIE,11,Marek Karczmarz,+48 787 379 897,Badania ważne
EMP-00934,Tobiasz,Kus,1996-01-17,39698748694,+48 665 481 867,user934@example.com,Wschodnia,84,44,50-251,Białystok,BHP,Inspektor BHP,Umowa o pracę,2020-02-28,-650,A,NIE,TAK,2,Michał Niksa,22 984 33 61,Badania ważne
EMP-00935,Andrzej,Kuśnierek,2002-01-21,92075360511,531 815 198,user935@example.com,Narcyzowa,109,,48-711,Kędzierzyn-Koźle,Administracja,Starszy Górnik,Umowa na czas określony,2021-11-21,-400,A,NIE,TAK,7,pani Elżbieta Witka,+48 32 420 34 01,Ratownik górniczy
EMP-00936,Tadeusz,Grunt,1980-12-18,62189455906,+48 516 075 699,user936@example.com,Głogowa,13,4,33-291,Augustów,Utrzymanie Ruchu,Sztygar,Umowa B2B,2015-04-30,-400,A,TAK,TAK,10,Olga Baster,+48 532 010 824,Ratownik górniczy
EMP-00937,Sebastian,Stochaj,2001-09-10,04664896676,32 818 22 38,user937@example.com,Orla,112,,77-945,Płońsk,Wydobycie,Starszy Górnik,Umowa B2B,2021-11-09,-100,C,NIE,TAK,7,Jakub Litwiniuk,+48 502 085 817,Ratownik górniczy
EMP-00938,Łukasz,Celuch,1976-12-04,75809745338,725 364 235,user938@example.com,Brzoskwiniowa,109,,03-009,Pruszków,BHP,Mechanik,Umowa B2B,2015-05-05,-800,A,NIE,TAK,7,Damian Boryczko,578 285 181,Uprawnienia SEP
EMP-00939,Kajetan,Ceran,1993-11-28,26540165995,+48 735 590 461,user939@example.com,Sportowa,3,,08-476,Łowicz,Utrzymanie Ruchu,Geolog,Umowa o pracę,2025-06-06,-200,A,NIE,TAK,3,Borys Stypuła,736 600 128,Ratownik górniczy
EMP-00940,Dawid,Madejczyk,1976-02-20,76774625916,532 329 615,user940@example.com,Modrzewiowa,21,23,17-031,Wyszków,Przeróbka,Starszy Górnik,Umowa o pracę,2012-05-10,-100,A,NIE,TAK,9,Ewelina Klorek,880 766 534,Ratownik górniczy
EMP-00941,Norbert,Kurpanik,1978-12-05,86008017986,662 763 460,user941@example.com,Wojska Polskiego,144,,80-091,Zawiercie,Przeróbka,Elektryk,Umowa zlecenie,2021-12-05,-400,D,NIE,NIE,10,Jan Zaraś,+48 573 472 435,Ratownik górniczy
EMP-00942,Marika,Dąbrówka,1988-10-11,04726426121,+48 662 251 272,user942@example.com,Olchowa,53,68,58-004,Kraśnik,Wentylacja,Mechanik,Umowa na czas określony,2016-12-08,-200,A,NIE,TAK,4,Sandra Koćwin,+48 32 656 22 41,Operator maszyn
EMP-00943,Sara,Związek,2004-09-12,96807852548,+48 518 784 947,user943@example.com,Czarnieckiego,33,,11-679,Słupsk,Mechaniczny,Kierownik Zmiany,Umowa B2B,2020-03-21,-200,C,TAK,TAK,6,Nikodem Nalazek,500 618 489,Ratownik górniczy
EMP-00944,Tymon,Kiszczak,1985-10-12,06445475231,725 434 046,user944@example.com,Koralowa,50,20,97-388,Żywiec,Transport,Górnik,Umowa na czas określony,2014-12-15,-100,B,NIE,NIE,12,Kamil Dawidczyk,535 649 525,
EMP-00945,Kacper,Fierek,1976-09-18,76334272038,+48 784 411 197,user945@example.com,Ciasna,176,,26-560,Żywiec,Elektryczny,Mechanik,Umowa B2B,2022-12-02,-500,D,NIE,TAK,11,Liwia Lenarcik,+48 533 063 435,Badania ważne
EMP-00946,Nela,Tomalik,1993-07-13,19630453069,+48 22 821 88 49,user946@example.com,Środkowa,84,,69-024,Zduńska Wola,Transport,Górnik,Umowa zlecenie,2022-12-22,-800,B,NIE,TAK,4,Robert Ziegert,32 051 10 21,Ratownik górniczy
EMP-00947,Fabian,Hyjek,1972-11-19,01816778481,+48 784 123 016,user947@example.com,Kasztanowa,89,23,40-626,Piastów,Transport,Górnik,Umowa B2B,2024-06-10,-800,D,NIE,TAK,5,Jan Smolorz,727 218 600,Ratownik górniczy
EMP-00948,Ksawery,Trybus,1974-07-20,08385179937,+48 727 899 901,user948@example.com,Modrzewiowa,4,,36-034,Wrocław,Administracja,Kierownik Oddziału,Umowa o pracę,2011-01-11,-650,A,TAK,TAK,9,Radosław Cimoch,22 131 71 97,Operator maszyn
EMP-00949,Aleksander,Staniewicz,1996-12-02,84869996988,+48 881 625 908,user949@example.com,Wschodnia,196,,13-596,Kętrzyn,Transport,Elektryk,Umowa B2B,2019-02-14,-800,B,NIE,TAK,10,Roksana Urynowicz,+48 605 501 137,W trakcie szkolenia
EMP-00950,Leon,Wiewiórka,1980-01-28,71472463019,570 728 878,user950@example.com,Makuszyńskiego,182,,01-483,Chorzów,Transport,Starszy Górnik,Umowa zlecenie,2015-07-22,-500,D,NIE,TAK,9,pan Maurycy Burzawa,+48 531 616 088,W trakcie szkolenia
EMP-00951,Marcin,Fijoł,1970-11-20,97283391218,699 964 771,user951@example.com,Jabłoniowa,101,,26-497,Wejherowo,Utrzymanie Ruchu,Sztygar,Umowa o pracę,2020-02-15,-400,A,TAK,NIE,9,Maciej Klin,+48 518 102 480,Uprawnienia SEP
EMP-00952,Dariusz,Doroba,1993-05-24,21010232001,887 800 244,user952@example.com,Jagodowa,119,56,99-139,Gniezno,Przeróbka,Starszy Górnik,Umowa o pracę,2021-10-12,-650,D,NIE,TAK,9,Daniel Budkiewicz,22 169 06 96,W trakcie szkolenia
EMP-00953,Robert,Gryta,1988-07-03,87610814356,+48 787 067 516,user953@example.com,Żabia,74,,89-122,Tomaszów Mazowiecki,Mechaniczny,Inspektor BHP,Umowa B2B,2023-12-05,-800,A,NIE,TAK,11,pani Klara Przewoźniak,511 642 610,Uprawnienia SEP
EMP-00954,Konrad,Nagel,1985-08-28,19807468235,518 424 319,user954@example.com,Kossaka,151,,29-592,Chorzów,Wydobycie,Geolog,Umowa o pracę,2010-02-27,-300,D,NIE,TAK,12,Rozalia Nesterowicz,788 130 041,
EMP-00955,Igor,Obiała,1995-12-27,62054596715,505 302 151,user955@example.com,Okrzei,112,56,61-737,Radomsko,Geologia,Mechanik,Umowa B2B,2019-11-17,-100,A,NIE,TAK,2,Aleks Wujec,+48 793 395 348,
EMP-00956,Kacper,Kornet,1970-01-27,65411340785,574 764 278,user956@example.com,Chmielna,158,76,55-877,Wałbrzych,Administracja,Geolog,Umowa na czas określony,2010-01-19,-100,D,NIE,TAK,9,pani Aniela Zaborek,795 128 177,Badania ważne
EMP-00957,Jerzy,Giel,1979-08-17,58366834826,889 781 554,user957@example.com,Miła,41,50,49-875,Marki,Wydobycie,Górnik,Umowa zlecenie,2011-08-15,-500,D,NIE,TAK,7,Marcelina Patrzałek,726 024 465,Badania ważne
EMP-00958,Marcelina,Cyrek,1997-04-24,89178791505,600 517 107,user958@example.com,Rzeczna,47,47,08-847,Jasło,Przeróbka,Elektryk,Umowa na czas określony,2016-12-14,-800,D,NIE,TAK,1,pan Grzegorz Biernacik,+48 32 478 37 03,W trakcie szkolenia
EMP-00959,Olaf,Sanetra,1970-05-09,32012657898,502 741 485,user959@example.com,Lisia,98,2,59-688,Piotrków Trybunalski,Przeróbka,Inspektor BHP,Umowa o pracę,2015-03-26,-800,B,NIE,NIE,6,Franciszek Fiedoruk,+48 692 546 862,Uprawnienia SEP
EMP-00960,Eliza,Goska,2002-03-09,75585177741,780 766 420,user960@example.com,Orla,125,38,84-914,Dębica,Administracja,Młodszy Górnik,Umowa zlecenie,2013-01-21,-650,B,NIE,TAK,2,Julian Wajer,533 538 676,Badania ważne
EMP-00961,Hubert,Lisak,1994-02-09,82419962642,+48 606 879 060,user961@example.com,Poznańska,155,62,67-941,Dzierżoniów,Mechaniczny,Geolog,Umowa o pracę,2015-11-21,-200,B,NIE,TAK,1,Tola Sosnówka,722 055 340,W trakcie szkolenia
EMP-00962,Anna Maria,Drożdżal,1980-04-26,54218545705,+48 722 739 615,user962@example.com,Głogowa,1,,58-440,Stalowa Wola,Utrzymanie Ruchu,Nadsztygar,Umowa B2B,2010-06-02,-400,B,TAK,TAK,1,Jędrzej Zimoląg,+48 785 670 789,W trakcie szkolenia
EMP-00963,Natan,Potęga,2001-09-19,00163564072,732 619 038,user963@example.com,Wschodnia,72,,19-866,Piotrków Trybunalski,Mechaniczny,Inspektor BHP,Umowa zlecenie,2018-03-21,-200,B,NIE,TAK,10,pan Ksawery Bodych,22 273 20 22,Ratownik górniczy
EMP-00964,Paweł,Majak,2004-03-11,40017882247,32 175 76 91,user964@example.com,Wałowa,35,,14-434,Jastrzębie-Zdrój,Geologia,Operator,Umowa B2B,2012-06-03,-200,A,NIE,TAK,8,Gustaw Budniak,+48 728 514 486,
EMP-00965,Mariusz,Chlebek,1989-07-12,58011950927,576 903 922,user965@example.com,Kolejowa,169,12,24-765,Świnoujście,Utrzymanie Ruchu,Górnik,Umowa na czas określony,2013-10-29,-800,A,NIE,TAK,12,Patryk Kieca,732 647 106,
EMP-00966,Aniela,Dłubak,1988-04-19,53709230071,32 031 63 70,user966@example.com,Liliowa,152,,88-012,Lublin,Wydobycie,Operator,Umowa na czas określony,2024-04-12,-800,D,NIE,TAK,12,Janina Bicz,692 672 446,W trakcie szkolenia
EMP-00967,Monika,Golus,1989-07-19,89485432987,+48 694 763 808,user967@example.com,Północna,106,,73-034,Koło,Administracja,Młodszy Górnik,Umowa B2B,2024-01-09,-400,B,NIE,TAK,8,Arkadiusz Szykuła,512 599 851,
EMP-00968,Artur,Jonczyk,1994-05-26,19827348131,+48 532 728 129,user968@example.com,Młyńska,86,,50-228,Starogard Gdański,BHP,Kierownik Oddziału,Umowa na czas określony,2013-08-08,-100,C,TAK,TAK,11,Radosław Buksa,+48 696 026 676,Uprawnienia SEP
EMP-00969,Agnieszka,Deneka,1992-04-12,74357483526,668 453 974,user969@example.com,Podmiejska,104,35,96-642,Bochnia,Wydobycie,Młodszy Górnik,Umowa na czas określony,2023-07-21,-500,A,NIE,TAK,4,pani Nela Myga,508 864 067,Badania ważne
EMP-00970,Michał,Mueller,2006-03-12,34488384253,518 019 290,user970@example.com,Reja,104,,24-791,Zabrze,BHP,Elektryk,Umowa B2B,2022-05-23,-400,C,NIE,TAK,8,pani Gaja Lemke,+48 720 448 909,Operator maszyn
EMP-00971,Nataniel,Hennig,1975-06-14,06579551562,723 202 351,user971@example.com,Mickiewicza,187,,20-830,Rumia,Mechaniczny,Nadsztygar,Umowa B2B,2024-10-11,-200,B,TAK,TAK,2,pani Olga Kuryłowicz,+48 723 545 036,
EMP-00972,Melania,Wendt,1989-09-05,40913111786,+48 793 933 324,user972@example.com,Paderewskiego,37,43,51-942,Jaworzno,Elektryczny,Mechanik,Umowa na czas określony,2023-05-16,-100,A,NIE,TAK,11,Adrian Pych,+48 32 805 98 31,W trakcie szkolenia
EMP-00973,Cezary,Dyrek,1971-07-01,20695354120,731 290 759,user973@example.com,Olchowa,47,57,41-930,Września,Administracja,Starszy Górnik,Umowa B2B,2025-11-19,-100,B,NIE,TAK,1,Adam Piaścik,603 763 177,Uprawnienia SEP
EMP-00974,Damian,Szelest,1978-10-21,01515325947,506 294 193,user974@example.com,Skłodowskiej-Curie,9,57,44-638,Tychy,Wydobycie,Kierownik Oddziału,Umowa na czas określony,2016-02-11,-650,C,TAK,TAK,8,Grzegorz Wołkowicz,+48 531 317 536,W trakcie szkolenia
EMP-00975,Jacek,Winnik,1971-07-27,27980595031,792 864 612,user975@example.com,Borowa,101,,04-912,Pruszcz Gdański,Transport,Sztygar,Umowa o pracę,2016-12-18,-100,A,TAK,TAK,12,Ignacy Zagozda,+48 32 300 99 28,Badania ważne
EMP-00976,Sebastian,Szlufik,2002-07-16,04520360894,513 211 535,user976@example.com,Strzelecka,139,,02-326,Rybnik,Wentylacja,Młodszy Górnik,Umowa B2B,2015-03-10,-100,A,NIE,NIE,10,Nikodem Słonka,32 219 14 30,Uprawnienia SEP
EMP-00977,Tola,Bazyluk,1987-02-21,55359520561,+48 732 479 254,user977@example.com,Sikorskiego,105,,20-995,Ruda Śląska,Wydobycie,Elektryk,Umowa na czas określony,2017-04-06,-100,A,NIE,NIE,7,Juliusz Piksa,+48 32 581 92 04,Badania ważne
EMP-00978,Maciej,Janc,1997-04-23,18677403784,+48 576 933 329,user978@example.com,Nowowiejska,184,,72-441,Skierniewice,Administracja,Górnik,Umowa B2B,2017-12-11,-650,B,NIE,TAK,10,Maurycy Kasznia,+48 720 257 846,W trakcie szkolenia
EMP-00979,Józef,Satora,1977-06-10,30067762550,+48 605 883 825,user979@example.com,Zakole,163,,56-728,Sopot,Przeróbka,Kierownik Zmiany,Umowa na czas określony,2024-07-11,-200,B,TAK,TAK,7,Olga Mik,660 846 729,Ratownik górniczy
EMP-00980,Przemysław,Klisz,1997-08-08,26241784290,32 551 96 28,user980@example.com,Wodna,170,,23-188,Starogard Gdański,Wentylacja,Nadsztygar,Umowa zlecenie,2015-12-17,-650,B,TAK,TAK,6,Dominik Osica,665 624 728,
EMP-00981,Iwo,Wójs,1982-11-22,00906053088,660 122 341,user981@example.com,Wyzwolenia,63,,73-588,Jelenia Góra,Przeróbka,Młodszy Górnik,Umowa o pracę,2019-09-08,-400,C,NIE,TAK,7,Bartek Szkatuła,+48 796 627 026,Operator maszyn
EMP-00982,Cyprian,Towarek,1982-05-21,29045759887,22 095 63 21,user982@example.com,Jesienna,23,22,37-663,Białystok,Transport,Sztygar,Umowa zlecenie,2014-04-25,-300,B,TAK,TAK,1,Jerzy Lademann,530 193 353,Uprawnienia SEP
EMP-00983,Miłosz,Babij,1987-12-30,62027558214,22 711 93 60,user983@example.com,Sawickiej,7,,06-430,Gdańsk,Wydobycie,Sztygar,Umowa na czas określony,2012-12-02,-400,D,TAK,TAK,2,Marcelina Sędek,+48 780 564 616,Ratownik górniczy
EMP-00984,Justyna,Cąkała,1999-09-07,38023621921,606 438 500,user984@example.com,Krokusowa,134,74,42-234,Malbork,Wydobycie,Starszy Górnik,Umowa B2B,2010-11-26,-300,A,NIE,NIE,2,Ksawery Gmur,+48 511 762 313,Operator maszyn
EMP-00985,Klara,Koral,2005-10-07,18638558819,509 441 642,user985@example.com,Orzechowa,177,,92-102,Nysa,Przeróbka,Młodszy Górnik,Umowa na czas określony,2024-07-27,-300,D,NIE,TAK,9,pani Gaja Puła,573 727 768,
EMP-00986,Filip,Midura,1980-12-03,05378931869,+48 22 349 42 90,user986@example.com,Radosna,45,66,55-829,Gliwice,BHP,Operator,Umowa B2B,2025-08-21,-200,D,NIE,TAK,11,pan Alan Dmoch,+48 608 701 799,
EMP-00987,Grzegorz,Saternus,1989-01-11,22720028394,664 837 444,user987@example.com,Konopnickiej,161,,99-509,Nowy Sącz,Utrzymanie Ruchu,Elektryk,Umowa o pracę,2012-11-01,-500,B,NIE,TAK,2,Cezary Łapaj,+48 515 386 947,Ratownik górniczy
EMP-00988,Leon,Moj,1989-04-03,74328116599,+48 22 485 36 26,user988@example.com,Kusocińskiego,180,,73-043,Tczew,Wydobycie,Nadsztygar,Umowa zlecenie,2026-05-27,-650,B,TAK,TAK,11,pan Oskar Wisz,+48 514 100 953,Uprawnienia SEP
EMP-00989,Jędrzej,Sommer,1986-06-24,42322775213,+48 884 216 435,user989@example.com,Kielecka,11,,76-618,Poznań,Geologia,Górnik,Umowa B2B,2015-07-19,-300,B,NIE,TAK,7,Elżbieta Panasewicz,727 814 604,Ratownik górniczy
EMP-00990,Klara,Cuch,1985-12-29,30059377756,574 378 844,user990@example.com,Chabrowa,157,,59-053,Otwock,Utrzymanie Ruchu,Kierownik Oddziału,Umowa o pracę,2020-08-25,-500,A,TAK,TAK,11,Karol Bilik,32 756 46 72,Uprawnienia SEP
EMP-00991,Jerzy,Wujec,1993-08-15,16174690298,+48 661 541 858,user991@example.com,Sybiraków,8,,78-585,Lublin,Mechaniczny,Inspektor BHP,Umowa B2B,2016-05-17,-200,A,NIE,TAK,10,Krystian Pezda,+48 572 910 845,Operator maszyn
EMP-00992,Melania,Majewicz,1968-02-01,22913167080,504 356 605,user992@example.com,Kościuszki,143,48,30-723,Leszno,Geologia,Kierownik Oddziału,Umowa na czas określony,2017-06-22,-300,D,TAK,TAK,7,pan Bruno Giel,+48 603 306 773,Uprawnienia SEP
EMP-00993,Ignacy,Koronkiewicz,1967-05-03,62198655049,602 266 794,user993@example.com,Floriana,77,5,11-630,Poznań,Geologia,Operator,Umowa na czas określony,2016-08-26,-300,C,NIE,TAK,11,pan Leon Walkusz,+48 605 906 739,Ratownik górniczy
EMP-00994,Alan,Pryk,1983-01-12,33965049627,+48 609 876 055,user994@example.com,Kościelna,44,,86-653,Biała Podlaska,Geologia,Inspektor BHP,Umowa o pracę,2015-01-04,-200,B,NIE,TAK,5,Sebastian Pikula,577 048 618,Uprawnienia SEP
EMP-00995,Sara,Madejczyk,2001-01-06,36258542188,+48 516 320 162,user995@example.com,Widok,137,,87-918,Wrocław,Administracja,Nadsztygar,Umowa na czas określony,2021-03-24,-650,A,TAK,TAK,11,pan Aleks Buczma,668 919 827,Uprawnienia SEP
EMP-00996,Kazimierz,Burdach,1971-03-31,41996433853,32 337 17 08,user996@example.com,Zielna,118,24,40-626,Łomża,Wydobycie,Operator,Umowa B2B,2012-07-13,-200,C,NIE,TAK,4,Olga Lampa,782 039 831,Uprawnienia SEP
EMP-00997,Arkadiusz,Miętus,1993-06-05,43031158760,+48 789 014 599,user997@example.com,Środkowa,95,60,58-028,Kołobrzeg,Administracja,Sztygar,Umowa B2B,2013-11-26,-300,C,TAK,TAK,6,Wiktor Gałaj,798 730 549,Operator maszyn
EMP-00998,Jeremi,Hanke,1987-08-31,94535365974,+48 668 430 217,user998@example.com,Rejtana,187,77,69-115,Żyrardów,Przeróbka,Kierownik Oddziału,Umowa na czas określony,2025-10-06,-400,D,TAK,TAK,5,pan Eryk Wojtaszak,+48 504 315 890,Uprawnienia SEP
EMP-00999,Iwo,Morawiak,1970-07-25,25450809594,32 928 15 03,user999@example.com,Skłodowskiej-Curie,88,24,06-118,Chrzanów,Administracja,Młodszy Górnik,Umowa zlecenie,2020-09-11,-500,A,NIE,TAK,6,Marcin Procek,+48 734 070 308,Badania ważne
EMP-01000,Wiktor,Uziębło,1991-08-11,64721307423,666 282 968,user1000@example.com,Kilińskiego,69,24,84-892,Reda,Przeróbka,Kierownik Oddziału,Umowa B2B,2010-07-08,-300,A,TAK,TAK,11,Radosław Miecznik,+48 605 007 288,Ratownik górniczy
EMP-01001,Sylwia,Zacharek,1992-11-01,89332614543,+48 737 411 680,user1001@example.com,Zielna,116,73,76-702,Elbląg,Wentylacja,Geolog,Umowa na czas określony,2025-11-19,-650,A,NIE,TAK,2,Kamil Niemczuk,+48 32 766 20 80,W trakcie szkolenia
EMP-01002,Tadeusz,Niewiara,1987-08-29,08178522115,577 026 344,user1002@example.com,Jeziorna,24,72,28-334,Giżycko,BHP,Górnik,Umowa zlecenie,2023-10-29,-650,D,NIE,TAK,6,Daniel Monkiewicz,735 870 120,W trakcie szkolenia
EMP-01003,Julian,Zacharczuk,1995-11-16,26874470173,665 369 091,user1003@example.com,Miła,166,4,29-470,Radomsko,BHP,Nadsztygar,Umowa zlecenie,2014-11-09,-650,B,TAK,TAK,8,Mateusz Molka,+48 664 976 039,Operator maszyn
EMP-01004,Jakub,Broś,1981-07-06,29665633701,32 436 52 40,user1004@example.com,Kołłątaja,166,6,46-228,Sandomierz,Utrzymanie Ruchu,Mechanik,Umowa na czas określony,2022-07-07,-300,A,NIE,TAK,2,Juliusz Dawiec,32 187 54 03,
EMP-01005,Jeremi,Łokietek,2001-05-23,58000272214,+48 608 215 977,user1005@example.com,Listopada,119,,67-379,Tarnowskie Góry,Geologia,Kierownik Zmiany,Umowa o pracę,2023-08-08,-200,C,TAK,NIE,5,Klara Leszczyk,692 360 667,Uprawnienia SEP
EMP-01006,Liwia,Martynowicz,1990-08-14,13681720313,789 125 949,user1006@example.com,Wybickiego,90,20,86-927,Jelenia Góra,Utrzymanie Ruchu,Inspektor BHP,Umowa o pracę,2020-04-11,-400,C,NIE,NIE,11,Franciszek Wiaderek,669 862 269,Uprawnienia SEP
EMP-01007,Urszula,Hejna,1991-03-29,73525953322,537 996 235,user1007@example.com,Okrzei,59,,79-605,Grodzisk Mazowiecki,Mechaniczny,Inspektor BHP,Umowa zlecenie,2010-03-08,-200,D,NIE,TAK,5,Julianna Wojtarowicz,+48 728 335 876,Ratownik górniczy
EMP-01008,Anastazja,Kosałka,1988-09-06,35323661850,+48 722 560 413,user1008@example.com,Broniewskiego,24,7,68-177,Częstochowa,Wydobycie,Mechanik,Umowa zlecenie,2017-08-18,-400,D,NIE,TAK,10,Witold Armata,793 983 912,Operator maszyn
EMP-01009,Antoni,Kondej,2006-02-01,82360107126,534 407 629,user1009@example.com,Jana Sobieskiego,166,,96-967,Gliwice,Mechaniczny,Młodszy Górnik,Umowa zlecenie,2016-08-14,-100,C,NIE,TAK,8,Olaf Piotrkowicz,514 913 410,W trakcie szkolenia
EMP-01010,Anastazja,Glonek,1974-08-11,64846735742,608 720 998,user1010@example.com,Fredry,56,,83-336,Świecie,Utrzymanie Ruchu,Geolog,Umowa o pracę,2023-05-07,-200,B,NIE,TAK,10,Radosław Golus,+48 882 405 920,Ratownik górniczy
EMP-01011,Jerzy,Malewicz,1987-03-10,25892225606,+48 697 669 194,user1011@example.com,Kusocińskiego,55,,80-411,Zielona Góra,Geologia,Nadsztygar,Umowa zlecenie,2013-11-03,-200,C,TAK,TAK,4,Leonard Mizak,+48 662 017 530,
EMP-01012,Oskar,Front,1984-05-21,18046741307,+48 519 572 404,user1012@example.com,Paderewskiego,59,72,40-503,Stalowa Wola,Przeróbka,Geolog,Umowa B2B,2016-09-19,-650,C,NIE,TAK,1,Miłosz Jędruszczak,721 379 561,W trakcie szkolenia
EMP-01013,Anastazja,Polaszek,1966-12-15,36260846397,+48 732 175 036,user1013@example.com,Wspólna,99,9,97-590,Zambrów,Transport,Młodszy Górnik,Umowa na czas określony,2018-02-28,-650,C,NIE,TAK,6,Aleksander Pachla,+48 795 999 193,Ratownik górniczy
EMP-01014,Róża,Szyc,1987-01-26,91215164119,694 244 474,user1014@example.com,Lipca,85,55,78-001,Środa Wielkopolska,Wydobycie,Nadsztygar,Umowa o pracę,2013-03-07,-800,C,TAK,NIE,12,Anastazja Raźniak,507 862 351,Operator maszyn
EMP-01015,Natasza,Stroka,2003-05-14,39578752070,791 917 085,user1015@example.com,Modrzewiowa,5,,62-712,Zamość,Geologia,Inspektor BHP,Umowa zlecenie,2024-07-20,-800,B,NIE,TAK,2,Julita Apanowicz,881 456 340,Badania ważne
EMP-01016,Maks,Peszko,1990-08-24,71212413936,505 581 157,user1016@example.com,Jaworowa,119,69,35-736,Pruszcz Gdański,Geologia,Geolog,Umowa o pracę,2011-03-17,-500,D,NIE,NIE,9,Dariusz Niedźwiadek,+48 721 607 700,Operator maszyn
EMP-01017,Bartek,Skrobot,1977-11-05,12677319227,785 418 403,user1017@example.com,Kosynierów,173,4,92-560,Legnica,BHP,Sztygar,Umowa na czas określony,2019-09-01,-650,D,TAK,TAK,7,Maksymilian Bochnia,+48 660 396 620,Ratownik górniczy
EMP-01018,Inga,Pośnik,1975-12-27,39431916543,+48 504 078 802,user1018@example.com,Młynarska,47,,42-162,Krotoszyn,Utrzymanie Ruchu,Sztygar,Umowa o pracę,2016-02-11,-100,C,TAK,TAK,2,pani Ada Podpora,+48 796 933 356,Badania ważne
EMP-01019,Rafał,Węgrzynek,1971-09-24,50576449747,+48 534 408 806,user1019@example.com,Nadbrzeżna,1,18,06-518,Kościan,Mechaniczny,Młodszy Górnik,Umowa na czas określony,2010-11-30,-100,A,NIE,TAK,5,pan Radosław Rozum,511 991 843,Ratownik górniczy
EMP-01020,Tymon,Teter,1969-08-07,67649797416,+48 506 115 848,user1020@example.com,Dworska,99,45,72-049,Puławy,Wydobycie,Elektryk,Umowa B2B,2013-04-14,-800,B,NIE,TAK,1,Blanka Gębura,661 196 047,
EMP-01021,Damian,Lenarcik,1998-05-24,35537309649,505 397 077,user1021@example.com,Czereśniowa,119,,47-729,Tczew,Przeróbka,Kierownik Oddziału,Umowa B2B,2021-01-20,-400,B,TAK,TAK,10,Malwina Holeksa,+48 790 823 171,W trakcie szkolenia
EMP-01022,Anita,Matraszek,1978-01-06,35305970255,+48 883 946 766,user1022@example.com,Sikorskiego,136,21,53-185,Leszno,Geologia,Kierownik Oddziału,Umowa zlecenie,2022-04-07,-100,B,TAK,TAK,5,pani Kamila Penkala,720 261 840,Uprawnienia SEP
EMP-01023,Dagmara,Borysiak,1971-08-20,59489895965,503 686 050,user1023@example.com,Olchowa,169,,31-043,Otwock,Transport,Młodszy Górnik,Umowa B2B,2017-12-29,-300,D,NIE,TAK,5,Tadeusz Witko,22 050 28 16,W trakcie szkolenia
EMP-01024,Inga,Koczara,1977-01-30,44149169993,570 390 912,user1024@example.com,Rózana,181,34,95-243,Marki,Administracja,Sztygar,Umowa na czas określony,2010-02-18,-800,B,TAK,TAK,4,Julian Fojt,600 945 237,Badania ważne
EMP-01025,Gaja,Rubaj,1996-09-21,64088223095,721 926 009,user1025@example.com,Kolonia,33,78,69-441,Gdynia,Wentylacja,Nadsztygar,Umowa B2B,2019-05-07,-500,D,TAK,TAK,4,Marcelina Ryndak,22 745 44 92,Uprawnienia SEP
EMP-01026,Dagmara,Węgrzynek,1968-03-13,09720217075,784 538 118,user1026@example.com,Łąkowa,50,37,81-575,Opole,BHP,Młodszy Górnik,Umowa B2B,2014-09-13,-300,C,NIE,TAK,10,Nataniel Gill,888 344 566,Uprawnienia SEP
EMP-01027,Leonard,Litwiniuk,1972-09-20,03004496461,577 970 566,user1027@example.com,Lipowa,146,,31-993,Sieradz,Utrzymanie Ruchu,Starszy Górnik,Umowa B2B,2012-10-05,-200,B,NIE,TAK,3,Sandra Łokietek,604 860 704,
EMP-01028,Sandra,Gołofit,1984-05-26,75658963595,502 351 585,user1028@example.com,Parkowa,1,72,10-384,Piła,Przeróbka,Sztygar,Umowa zlecenie,2020-07-12,-650,D,TAK,TAK,5,Krzysztof Krzyszczak,721 671 560,W trakcie szkolenia
EMP-01029,Stanisław,Ścibior,1980-04-26,84345663113,602 441 339,user1029@example.com,Żurawia,13,27,40-453,Mława,Utrzymanie Ruchu,Kierownik Zmiany,Umowa zlecenie,2017-03-27,-500,C,TAK,TAK,3,Adam Sromek,+48 504 531 579,W trakcie szkolenia
EMP-01030,Marcel,Dorobek,1968-08-14,20334742463,+48 881 898 664,user1030@example.com,Królewska,5,,52-595,Gniezno,Elektryczny,Operator,Umowa na czas określony,2021-11-19,-650,A,NIE,TAK,12,Kornel Wódka,578 335 974,W trakcie szkolenia
EMP-01031,Ewa,Nieścior,1991-07-14,68008529469,505 702 377,user1031@example.com,Łanowa,168,12,12-556,Łomża,Elektryczny,Geolog,Umowa B2B,2019-03-15,-100,B,NIE,TAK,8,Jan Ludwisiak,+48 731 922 095,Ratownik górniczy
EMP-01032,Rafał,Nieradzik,1983-09-29,04350238502,22 297 32 39,user1032@example.com,Lawendowa,109,51,38-266,Białystok,Utrzymanie Ruchu,Sztygar,Umowa na czas określony,2013-12-23,-200,C,TAK,TAK,12,Melania Leks,793 267 699,Uprawnienia SEP
EMP-01033,Monika,Winnik,1992-07-21,32829302025,729 238 520,user1033@example.com,Południowa,56,,31-703,Piotrków Trybunalski,Wentylacja,Sztygar,Umowa o pracę,2014-04-01,-400,A,TAK,TAK,4,Aurelia Sinkiewicz,730 169 332,Ratownik górniczy
EMP-01034,Bruno,Szymocha,1987-02-04,77116750762,+48 571 998 290,user1034@example.com,Tylna,157,79,62-340,Ostrołęka,BHP,Kierownik Oddziału,Umowa zlecenie,2014-10-28,-800,D,TAK,TAK,3,Kornel Kwapis,735 260 756,Ratownik górniczy
EMP-01035,Krzysztof,Danisz,1989-03-07,53012398472,+48 663 100 643,user1035@example.com,Poziomkowa,56,,87-159,Siedlce,Wydobycie,Geolog,Umowa zlecenie,2020-01-08,-200,A,NIE,TAK,5,Krystian Kuran,+48 577 773 316,Operator maszyn
EMP-01036,Filip,Gryta,2001-11-29,90172224050,+48 504 707 038,user1036@example.com,Wrocławska,67,70,07-244,Dębica,Przeróbka,Młodszy Górnik,Umowa na czas określony,2018-04-29,-400,D,NIE,TAK,6,Józef Pasich,792 984 241,Ratownik górniczy
EMP-01037,Lidia,Miąsko,1995-07-25,19924065838,+48 794 027 406,user1037@example.com,Porzeczkowa,40,,98-376,Cieszyn,BHP,Kierownik Oddziału,Umowa o pracę,2010-08-14,-800,D,TAK,TAK,3,Marianna Fal,+48 512 590 620,Ratownik górniczy
EMP-01038,Olga,Chomiak,2000-02-26,09566844823,+48 32 856 46 14,user1038@example.com,Krokusowa,161,25,58-274,Racibórz,Administracja,Inspektor BHP,Umowa o pracę,2014-01-12,-400,B,NIE,TAK,2,pan Mikołaj Zinkiewicz,699 979 849,Uprawnienia SEP
EMP-01039,Dorota,Gerlach,1998-01-10,10187803586,519 955 049,user1039@example.com,Borowa,172,10,85-213,Koszalin,Wydobycie,Młodszy Górnik,Umowa na czas określony,2014-03-28,-800,A,NIE,TAK,12,Justyna Półchłopek,692 239 461,
EMP-01040,Krystyna,Kapinos,1971-09-04,39251999452,+48 798 115 948,user1040@example.com,Dworska,189,15,30-258,Poznań,Przeróbka,Geolog,Umowa zlecenie,2012-07-31,-500,C,NIE,TAK,3,Wojciech Mydlarz,+48 787 622 398,Operator maszyn
EMP-01041,Sonia,Morka,1994-07-28,43387220542,662 567 871,user1041@example.com,Częstochowska,97,23,65-539,Koszalin,BHP,Kierownik Oddziału,Umowa B2B,2015-01-01,-200,A,TAK,NIE,11,Gabriel Żybura,+48 608 705 841,Operator maszyn
EMP-01042,Igor,Gęgotek,1981-12-17,30833444704,694 956 479,user1042@example.com,Górska,131,77,69-996,Mielec,Wydobycie,Sztygar,Umowa B2B,2010-10-25,-500,D,TAK,TAK,1,Szymon Szumacher,+48 785 867 949,Uprawnienia SEP
EMP-01043,Rozalia,Frączkiewicz,1997-06-12,59685195377,509 723 610,user1043@example.com,Sokola,102,,08-588,Koszalin,Utrzymanie Ruchu,Górnik,Umowa B2B,2016-05-12,-300,B,NIE,TAK,4,Karol Biernacik,+48 502 016 555,Ratownik górniczy
EMP-01044,Kalina,Grunt,1995-09-29,77752259206,797 865 557,user1044@example.com,Kołłątaja,90,,13-990,Jelenia Góra,Utrzymanie Ruchu,Starszy Górnik,Umowa zlecenie,2021-04-03,-100,D,NIE,TAK,11,Natasza Graś,730 006 875,Ratownik górniczy
EMP-01045,Liwia,Kiepas,1987-04-15,22941156302,604 051 665,user1045@example.com,Broniewskiego,81,75,42-110,Grudziądz,Wentylacja,Inspektor BHP,Umowa na czas określony,2023-04-23,-500,C,NIE,TAK,8,Juliusz Kuśmider,784 189 974,W trakcie szkolenia
EMP-01046,Ksawery,Dziopa,1966-08-23,26294206615,+48 606 860 835,user1046@example.com,Nałkowskiej,160,,06-748,Kielce,Mechaniczny,Operator,Umowa B2B,2023-03-08,-650,C,NIE,TAK,4,pan Marcel Ziarnik,690 944 238,Uprawnienia SEP
EMP-01047,Aleksander,Skomra,1992-03-01,13800498321,+48 795 089 830,user1047@example.com,Srebrna,46,,36-765,Gliwice,Utrzymanie Ruchu,Operator,Umowa o pracę,2010-12-31,-800,A,NIE,TAK,12,Cezary Druszcz,+48 690 961 979,Ratownik górniczy
EMP-01048,Aurelia,Niedojadło,1985-11-01,15826868764,+48 572 452 841,user1048@example.com,Tęczowa,196,,47-399,Września,Mechaniczny,Elektryk,Umowa B2B,2023-11-21,-100,A,NIE,TAK,9,Anna Maria Sus,785 073 567,Badania ważne
EMP-01049,Bartek,Blaut,1978-05-30,64420062987,797 394 059,user1049@example.com,Sowia,63,41,98-562,Gdynia,Geologia,Górnik,Umowa na czas określony,2018-05-18,-400,D,NIE,TAK,7,Kornelia Szlaga,669 442 031,W trakcie szkolenia
EMP-01050,Sebastian,Kloska,1980-08-05,19623421926,+48 604 907 342,user1050@example.com,Mickiewicza,46,,30-099,Swarzędz,Utrzymanie Ruchu,Nadsztygar,Umowa o pracę,2018-09-21,-800,B,TAK,TAK,12,pan Marek Lesiewicz,+48 666 759 514,
EMP-01051,Cezary,Klebba,1969-02-10,42948314789,+48 602 308 829,user1051@example.com,Myśliwska,24,61,83-533,Otwock,Utrzymanie Ruchu,Górnik,Umowa na czas określony,2024-10-15,-800,A,NIE,NIE,10,Dominik Wojewodzic,+48 512 332 605,Badania ważne
EMP-01052,Konstanty,Kuba,1995-05-07,49812831800,+48 536 748 317,user1052@example.com,Spółdzielcza,109,,90-003,Kutno,Utrzymanie Ruchu,Inspektor BHP,Umowa o pracę,2016-03-12,-200,D,NIE,TAK,1,Grzegorz Flisek,+48 693 151 817,Ratownik górniczy
EMP-01053,Tymon,Chatys,1988-01-30,28538631050,+48 505 594 698,user1053@example.com,Śląska,70,,03-956,Szczecinek,Mechaniczny,Sztygar,Umowa o pracę,2012-06-17,-300,B,TAK,TAK,9,Marek Leks,+48 532 371 798,W trakcie szkolenia
EMP-01054,Krystian,Związek,2004-04-11,69299007686,663 790 065,user1054@example.com,Czereśniowa,194,,92-556,Gorlice,Wentylacja,Starszy Górnik,Umowa zlecenie,2010-06-12,-200,D,NIE,TAK,4,pan Józef Orpel,+48 664 779 541,Badania ważne
EMP-01055,Sonia,Górkiewicz,1991-07-13,63376185186,793 981 889,user1055@example.com,Szewska,117,,06-864,Jarosław,Geologia,Inspektor BHP,Umowa B2B,2017-04-27,-200,D,NIE,TAK,1,Marcelina Zbiciak,535 915 790,
EMP-01056,Apolonia,Jasionek,1988-10-03,28233921883,32 626 83 84,user1056@example.com,Lipca,119,,66-454,Świnoujście,Mechaniczny,Sztygar,Umowa na czas określony,2014-12-22,-300,B,TAK,TAK,12,Anna Maria Nowek,+48 22 207 61 23,W trakcie szkolenia
EMP-01057,Grzegorz,Koral,1990-03-11,06776106592,+48 739 051 881,user1057@example.com,Miła,168,,73-663,Czeladź,Przeróbka,Operator,Umowa zlecenie,2021-03-15,-100,A,NIE,TAK,10,Oskar Pitura,32 207 06 69,Operator maszyn
EMP-01058,Agnieszka,Kabza,1967-11-29,17815969838,603 729 826,user1058@example.com,Tysiąclecia,90,,78-915,Pabianice,Wydobycie,Kierownik Oddziału,Umowa zlecenie,2011-12-13,-650,C,TAK,TAK,7,Jacek Stochaj,+48 606 497 035,Ratownik górniczy
EMP-01059,Róża,Łusiak,1968-03-19,68629591257,+48 726 833 557,user1059@example.com,Lipowa,158,,63-453,Chełm,BHP,Operator,Umowa B2B,2018-01-26,-200,C,NIE,TAK,10,Alan Merda,+48 32 315 55 05,Ratownik górniczy
EMP-01060,Maurycy,Pacocha,1984-01-17,60742990747,+48 731 879 938,user1060@example.com,Mała,109,76,91-842,Tczew,Przeróbka,Geolog,Umowa na czas określony,2024-11-18,-200,D,NIE,NIE,10,Aleksander Witoń,888 831 141,Operator maszyn
EMP-01061,Mikołaj,Narożna,1978-10-15,08089747485,+48 791 235 036,user1061@example.com,Jabłoniowa,104,,57-117,Świętochłowice,Mechaniczny,Mechanik,Umowa zlecenie,2017-12-13,-650,C,NIE,NIE,9,Ewelina Stuglik,530 977 978,Ratownik górniczy
EMP-01062,Jerzy,Naumiuk,1968-07-31,67347853698,784 568 446,user1062@example.com,Porzeczkowa,98,,74-830,Pruszków,Transport,Młodszy Górnik,Umowa B2B,2024-07-06,-800,A,NIE,TAK,1,Jerzy Pachowicz,32 664 01 63,Badania ważne
EMP-01063,Malwina,Kowaluk,2003-12-13,86052102627,32 783 15 97,user1063@example.com,Turystyczna,103,,58-724,Jaworzno,Wydobycie,Starszy Górnik,Umowa zlecenie,2020-01-31,-100,D,NIE,TAK,9,Monika Molak,578 683 029,Ratownik górniczy
EMP-01064,Leonard,Kuciak,1999-08-22,81308898305,+48 784 233 241,user1064@example.com,Narutowicza,171,,95-382,Gliwice,Administracja,Kierownik Zmiany,Umowa na czas określony,2015-06-14,-400,C,TAK,TAK,12,pani Anna Maria Wylegała,+48 696 607 344,
EMP-01065,Juliusz,Prażmo,1998-03-26,56302750003,661 595 841,user1065@example.com,Sowia,185,50,63-275,Koło,Przeróbka,Elektryk,Umowa B2B,2023-12-03,-100,C,NIE,TAK,1,Kaja Nurek,+48 530 502 218,Ratownik górniczy
EMP-01066,Bianka,Bereś,1993-01-07,41849378467,+48 734 134 476,user1066@example.com,Wiklinowa,129,,08-723,Luboń,Przeróbka,Kierownik Oddziału,Umowa na czas określony,2016-08-26,-500,A,TAK,TAK,7,Melania Kopciuch,+48 797 740 292,W trakcie szkolenia
EMP-01067,Tadeusz,Nestorowicz,1987-11-20,01365103444,32 026 50 99,user1067@example.com,Świerczewskiego,154,,91-839,Siedlce,Geologia,Górnik,Umowa na czas określony,2014-09-30,-300,B,NIE,TAK,11,Dagmara Kamyk,696 677 196,Ratownik górniczy
EMP-01068,Igor,Iwańczyk,2006-01-16,86524062215,605 634 202,user1068@example.com,Osiedlowa,123,18,18-697,Sandomierz,Geologia,Kierownik Oddziału,Umowa zlecenie,2016-10-21,-300,D,TAK,TAK,3,Cezary Szpyrka,+48 698 013 768,
EMP-01069,Maurycy,Chromy,1975-04-10,05334704747,+48 880 177 915,user1069@example.com,Okrężna,139,37,82-312,Tarnowskie Góry,BHP,Inspektor BHP,Umowa zlecenie,2016-12-03,-400,C,NIE,NIE,7,Ignacy Sklorz,780 923 351,Ratownik górniczy
EMP-01070,Olgierd,Ślimak,1984-10-05,13835071245,782 601 863,user1070@example.com,Szarych Szeregów,56,,97-132,Kołobrzeg,Administracja,Starszy Górnik,Umowa o pracę,2024-01-01,-650,C,NIE,TAK,12,Krzysztof Ankiewicz,+48 695 695 592,Uprawnienia SEP
EMP-01071,Monika,Łasak,1992-01-08,22117327726,+48 22 414 90 03,user1071@example.com,Szmaragdowa,138,,42-003,Konin,Administracja,Kierownik Oddziału,Umowa B2B,2017-12-28,-800,C,TAK,TAK,6,pani Kalina Klus,+48 883 444 867,W trakcie szkolenia
EMP-01072,Julita,Proch,1972-01-27,58522942525,+48 690 473 314,user1072@example.com,Żwirki i Wigury,30,65,36-388,Nowa Ruda,Elektryczny,Geolog,Umowa B2B,2018-10-09,-100,D,NIE,NIE,2,Mariusz Klebba,+48 574 932 511,Operator maszyn
EMP-01073,Róża,Hankiewicz,1976-11-15,05080549147,+48 607 953 120,user1073@example.com,Piastowska,69,,02-598,Ostrołęka,BHP,Młodszy Górnik,Umowa zlecenie,2022-11-08,-400,C,NIE,TAK,3,Andrzej Stępak,+48 576 618 308,Ratownik górniczy
EMP-01074,Stanisław,Dmoch,1998-08-15,84171594973,+48 888 731 439,user1074@example.com,Jaśminowa,155,,42-095,Kielce,BHP,Mechanik,Umowa zlecenie,2018-04-04,-300,C,NIE,TAK,9,Olaf Matyjas,+48 578 621 078,Badania ważne
EMP-01075,Aleksander,Grzelec,1969-07-19,33183611338,+48 786 856 425,user1075@example.com,Łabędzia,110,5,59-860,Radom,Mechaniczny,Górnik,Umowa zlecenie,2017-07-02,-500,B,NIE,TAK,2,Krystyna Ładniak,22 026 93 31,Ratownik górniczy
EMP-01076,Konrad,Wika,1981-05-03,78730486251,+48 500 023 028,user1076@example.com,Zwycięstwa,32,57,43-663,Szczytno,Geologia,Starszy Górnik,Umowa B2B,2014-05-01,-300,B,NIE,TAK,6,pani Melania Stachelek,22 224 11 42,W trakcie szkolenia
EMP-01077,Piotr,Tokarek,1967-07-15,78018915673,791 459 920,user1077@example.com,Poprzeczna,98,,52-435,Leszno,Elektryczny,Sztygar,Umowa na czas określony,2016-09-21,-300,C,TAK,TAK,3,Eliza Pachołek,602 240 053,Badania ważne
EMP-01078,Daniel,Byzdra,2001-03-16,91433629994,660 562 019,user1078@example.com,Solidarnosci,68,,06-871,Zabrze,Administracja,Kierownik Oddziału,Umowa o pracę,2019-08-28,-400,D,TAK,TAK,2,Nikodem Feliksiak,+48 664 339 133,
EMP-01079,Eliza,Błaziak,1992-02-11,98573908352,573 239 456,user1079@example.com,Maczka,139,77,37-342,Zielona Góra,Mechaniczny,Elektryk,Umowa B2B,2015-12-24,-100,A,NIE,TAK,3,Emil Mich,+48 606 449 760,W trakcie szkolenia
EMP-01080,Kornelia,Ofiara,1973-05-17,64884997957,694 209 536,user1080@example.com,Morcinka,199,63,59-652,Świecie,Administracja,Nadsztygar,Umowa B2B,2019-08-07,-200,C,TAK,TAK,3,pan Sebastian Maligłówka,+48 698 529 735,Badania ważne
EMP-01081,Józef,Puc,1982-08-20,19022179789,666 655 914,user1081@example.com,Nadbrzeżna,36,,98-919,Nysa,Administracja,Operator,Umowa na czas określony,2022-09-26,-650,A,NIE,TAK,8,Leonard Szpala,728 096 641,
EMP-01082,Leonard,Rup,1977-02-09,98445143672,726 952 474,user1082@example.com,Bałtycka,134,,51-445,Kościan,Utrzymanie Ruchu,Kierownik Zmiany,Umowa zlecenie,2022-11-15,-500,D,TAK,TAK,4,pani Lidia Wlizło,+48 669 629 853,Badania ważne
EMP-01083,Tobiasz,Galek,1972-08-10,56811939781,+48 692 415 712,user1083@example.com,Lazurowa,148,,59-885,Kętrzyn,Administracja,Elektryk,Umowa zlecenie,2013-05-01,-300,C,NIE,TAK,8,Konrad Stebel,+48 738 354 346,Operator maszyn
EMP-01084,Marianna,Szklarek,1988-05-21,05528669335,+48 789 061 682,user1084@example.com,Podleśna,191,,73-482,Luboń,Elektryczny,Inspektor BHP,Umowa o pracę,2018-03-24,-100,C,NIE,TAK,4,Inga Wac,+48 781 615 381,Uprawnienia SEP
EMP-01085,Ida,Długozima,1970-07-04,60119391038,697 103 073,user1085@example.com,Porzeczkowa,79,18,17-389,Toruń,BHP,Geolog,Umowa o pracę,2024-10-01,-200,D,NIE,TAK,12,pan Tobiasz Brodawka,32 014 89 67,Operator maszyn
EMP-01086,Kacper,Romankiewicz,2004-10-19,90858181045,606 493 121,user1086@example.com,Rolna,77,28,51-803,Piła,Wentylacja,Górnik,Umowa na czas określony,2024-11-11,-100,B,NIE,TAK,6,Sara Marach,665 429 264,W trakcie szkolenia
EMP-01087,Rafał,Detka,1980-03-22,73662713589,577 299 403,user1087@example.com,Powstańców Śląskich,54,,74-269,Cieszyn,Administracja,Elektryk,Umowa o pracę,2016-09-01,-400,B,NIE,TAK,11,Kamil Bączkiewicz,+48 736 649 719,Ratownik górniczy
EMP-01088,Szymon,Giersz,1982-11-05,56154731566,+48 788 335 391,user1088@example.com,Sportowa,146,24,14-979,Nysa,BHP,Elektryk,Umowa o pracę,2026-04-10,-200,D,NIE,TAK,7,Alan Knieć,+48 32 901 63 99,Ratownik górniczy
EMP-01089,Maksymilian,Kwarciak,1977-04-30,69028377270,723 443 767,user1089@example.com,Orkana,140,77,27-980,Wągrowiec,Geologia,Sztygar,Umowa na czas określony,2019-08-16,-800,B,TAK,TAK,6,Ewelina Kolka,574 098 410,Uprawnienia SEP
EMP-01090,Anastazja,Kapałka,2004-08-23,28164416101,690 148 116,user1090@example.com,Ogrodowa,83,27,37-593,Wyszków,Mechaniczny,Nadsztygar,Umowa B2B,2024-03-23,-500,D,TAK,TAK,5,Szymon Aleksiejuk,+48 22 420 28 86,
EMP-01091,Olga,Witan,2000-07-28,10388027304,511 990 342,user1091@example.com,Prusa,108,27,99-206,Kędzierzyn-Koźle,Utrzymanie Ruchu,Kierownik Zmiany,Umowa o pracę,2025-03-23,-200,D,TAK,TAK,11,pani Liwia Kasica,600 353 160,Ratownik górniczy
EMP-01092,Patryk,Smykla,1994-04-05,47189395309,22 913 86 01,user1092@example.com,Szpitalna,108,64,62-102,Bartoszyce,Transport,Geolog,Umowa o pracę,2019-04-20,-400,A,NIE,NIE,3,Anastazja Fulara,692 194 024,Uprawnienia SEP
EMP-01093,Jan,Jarema,2002-09-10,84987455135,+48 608 141 128,user1093@example.com,Krasińskiego,35,,81-307,Legionowo,Elektryczny,Elektryk,Umowa B2B,2021-01-01,-500,D,NIE,TAK,1,Ada Duchnik,539 367 857,W trakcie szkolenia
EMP-01094,Rafał,Tomal,1981-09-01,88116403439,533 810 749,user1094@example.com,Górna,130,,85-389,Wałbrzych,Mechaniczny,Kierownik Oddziału,Umowa na czas określony,2024-02-23,-500,A,TAK,TAK,11,Alan Chodak,+48 732 154 013,W trakcie szkolenia
EMP-01095,Kornel,Irzyk,1969-09-27,83336477041,+48 519 626 168,user1095@example.com,Mostowa,155,,45-346,Jastrzębie-Zdrój,BHP,Kierownik Zmiany,Umowa zlecenie,2015-07-09,-200,A,TAK,TAK,11,pani Elżbieta Długozima,+48 574 102 547,Operator maszyn
EMP-01096,Roksana,Wasiuk,1995-04-09,28262542041,+48 669 948 856,user1096@example.com,Jana III Sobieskiego,60,,78-290,Cieszyn,BHP,Górnik,Umowa na czas określony,2011-01-26,-650,B,NIE,TAK,3,Adam Sieja,881 956 756,
EMP-01097,Dorota,Szambelan,1974-10-09,41007941932,602 717 266,user1097@example.com,Chopina,200,,98-670,Skarżysko-Kamienna,Wydobycie,Nadsztygar,Umowa na czas określony,2015-12-27,-300,C,TAK,NIE,5,Dariusz Para,736 070 014,
EMP-01098,Jacek,Nalewajko,2000-10-21,22487098726,22 306 86 24,user1098@example.com,Mickiewicza,53,,90-525,Mińsk Mazowiecki,BHP,Geolog,Umowa o pracę,2020-10-02,-300,D,NIE,TAK,5,Jan Staś,+48 736 689 041,Uprawnienia SEP
EMP-01099,Jan,Opyrchał,1985-11-17,40432611890,+48 512 381 152,user1099@example.com,Stawowa,79,49,30-147,Zgorzelec,Przeróbka,Starszy Górnik,Umowa na czas określony,2018-10-27,-100,B,NIE,TAK,1,Grzegorz Smektała,+48 662 408 475,Operator maszyn
EMP-01100,Maurycy,Kudlak,2001-02-05,28672020095,+48 699 400 410,user1100@example.com,Rejtana,101,,97-568,Żory,Przeróbka,Górnik,Umowa B2B,2018-08-26,-800,B,NIE,TAK,7,pan Oliwier Kempka,+48 32 113 50 53,Badania ważne
EMP-01101,Sara,Kujawiak,1979-03-11,00577950017,668 920 641,user1101@example.com,Szczęśliwa,86,,90-959,Bielsk Podlaski,Wydobycie,Inspektor BHP,Umowa na czas określony,2022-10-28,-200,B,NIE,TAK,10,pani Liwia Drop,+48 727 830 280,Operator maszyn
EMP-01102,Radosław,Kazek,2000-07-03,30722113869,+48 724 534 195,user1102@example.com,Zapolskiej,20,50,17-806,Zambrów,Utrzymanie Ruchu,Młodszy Górnik,Umowa zlecenie,2010-05-23,-100,D,NIE,TAK,1,Błażej Nowrot,+48 578 674 280,Ratownik górniczy
EMP-01103,Dagmara,Kuzior,1973-06-15,46171928170,720 635 780,user1103@example.com,Tylna,79,32,30-476,Oława,Wydobycie,Kierownik Zmiany,Umowa zlecenie,2020-07-20,-400,C,TAK,TAK,5,Tymon Kręcisz,729 743 699,Ratownik górniczy
EMP-01104,Bianka,Wężyk,1966-12-29,25216025239,887 599 408,user1104@example.com,Zapolskiej,37,3,36-192,Łuków,Transport,Starszy Górnik,Umowa na czas określony,2023-05-23,-300,A,NIE,TAK,3,Sandra Piwowarek,+48 519 045 289,Operator maszyn
EMP-01105,Albert,Świątkiewicz,1998-06-26,03265513276,+48 880 656 733,user1105@example.com,Rubinowa,155,,97-280,Rumia,Utrzymanie Ruchu,Inspektor BHP,Umowa B2B,2017-01-21,-100,D,NIE,TAK,12,pan Maciej Bakalarczyk,792 761 368,Ratownik górniczy
EMP-01106,Bianka,Franczuk,1969-03-17,85160211915,605 308 437,user1106@example.com,Jana Sobieskiego,44,56,52-631,Turek,Transport,Inspektor BHP,Umowa na czas określony,2019-09-01,-500,A,NIE,TAK,8,Ewa Golan,734 772 508,Badania ważne
EMP-01107,Julian,Roczniak,1977-09-21,86237600884,663 480 041,user1107@example.com,Brzoskwiniowa,67,,91-130,Zgierz,Elektryczny,Kierownik Oddziału,Umowa o pracę,2013-01-11,-300,D,TAK,NIE,2,Kornel Kalka,726 915 855,Badania ważne
EMP-01108,Janina,Mirga,1984-10-14,74992164006,+48 502 796 024,user1108@example.com,Reja,101,,48-464,Toruń,Wentylacja,Górnik,Umowa B2B,2023-11-29,-500,B,NIE,TAK,5,Bruno Wójcikiewicz,+48 782 959 452,Badania ważne
EMP-01109,Kazimierz,Fita,2003-09-06,86470821398,+48 662 863 040,user1109@example.com,Stawowa,71,,78-446,Ciechanów,Utrzymanie Ruchu,Nadsztygar,Umowa o pracę,2023-12-14,-400,C,TAK,TAK,2,Tomasz Bartuś,661 742 922,Uprawnienia SEP
EMP-01110,Marcelina,Dusik,1967-07-03,72055033000,32 215 39 26,user1110@example.com,Jagiellońska,64,38,78-215,Chrzanów,Elektryczny,Sztygar,Umowa zlecenie,2011-06-07,-100,D,TAK,NIE,2,Ewa Cieloch,605 031 392,Badania ważne
EMP-01111,Maurycy,Opoka,1986-06-13,08899114160,662 061 901,user1111@example.com,Widok,99,,31-659,Tomaszów Mazowiecki,Wentylacja,Górnik,Umowa zlecenie,2014-12-20,-100,A,NIE,TAK,4,Mariusz Graban,727 971 900,Operator maszyn
EMP-01112,Elżbieta,Skolik,1968-10-08,98979060854,796 162 256,user1112@example.com,Kolonia,141,55,92-694,Tczew,Transport,Operator,Umowa na czas określony,2010-05-11,-500,A,NIE,TAK,1,pan Juliusz Kremer,885 940 799,
EMP-01113,Jakub,Lesiewicz,1998-12-02,99843361137,+48 32 532 31 67,user1113@example.com,Jeżynowa,134,11,69-787,Zabrze,Przeróbka,Górnik,Umowa B2B,2012-05-06,-100,A,NIE,TAK,6,Kornel Klaus,787 437 019,Badania ważne
EMP-01114,Konrad,Kuban,1978-04-10,94203401535,+48 721 177 666,user1114@example.com,Letnia,72,53,08-353,Konin,Wydobycie,Starszy Górnik,Umowa na czas określony,2022-06-13,-800,B,NIE,TAK,7,pan Filip Szymanik,509 281 578,Badania ważne
EMP-01115,Stanisław,Matulka,1968-08-22,94494667201,603 116 787,user1115@example.com,Akacjowa,69,,50-645,Sopot,Mechaniczny,Inspektor BHP,Umowa o pracę,2020-11-21,-100,B,NIE,TAK,3,Gabriel Giezek,722 237 185,Uprawnienia SEP
EMP-01116,Sebastian,Bodzak,1989-11-16,38794026208,22 848 56 37,user1116@example.com,Wierzbowa,128,34,11-293,Legnica,Utrzymanie Ruchu,Geolog,Umowa na czas określony,2011-03-07,-300,A,NIE,TAK,6,Eryk Przerwa,510 375 398,W trakcie szkolenia
EMP-01117,Andrzej,Kuffel,1989-01-10,64235700412,+48 791 324 659,user1117@example.com,Skrajna,198,,81-515,Kołobrzeg,Mechaniczny,Sztygar,Umowa B2B,2021-06-17,-500,A,TAK,TAK,9,Nikodem Cyganik,+48 578 417 837,
EMP-01118,Cyprian,Wenzel,1982-12-15,61255904610,698 201 140,user1118@example.com,Szeroka,155,,46-168,Bartoszyce,Wydobycie,Geolog,Umowa B2B,2019-05-18,-100,D,NIE,TAK,7,Kamila Bryndza,666 735 127,
EMP-01119,Mieszko,Warmuz,1973-10-07,12838271012,+48 32 375 65 69,user1119@example.com,Nałkowskiej,146,,53-267,Police,BHP,Górnik,Umowa o pracę,2014-08-07,-200,B,NIE,TAK,1,pan Gustaw Strawa,662 494 510,W trakcie szkolenia
EMP-01120,Jędrzej,Masiak,1978-09-19,85076653446,+48 519 296 568,user1120@example.com,Rolnicza,79,,15-147,Wałcz,Elektryczny,Nadsztygar,Umowa na czas określony,2020-04-14,-650,A,TAK,TAK,11,Sandra Petryk,607 672 935,Ratownik górniczy
EMP-01121,Janina,Gabryszak,1994-07-13,01915305734,694 421 291,user1121@example.com,Bursztynowa,67,31,56-890,Biłgoraj,Mechaniczny,Kierownik Oddziału,Umowa na czas określony,2020-02-05,-400,B,TAK,TAK,8,pani Justyna Chaber,+48 32 347 78 04,Operator maszyn
EMP-01122,Nicole,Roj,2002-11-15,22512726708,+48 22 251 84 07,user1122@example.com,Akacjowa,181,50,27-236,Zakopane,Geologia,Elektryk,Umowa zlecenie,2025-12-28,-400,D,NIE,TAK,5,Tomasz Cherek,+48 538 233 720,
EMP-01123,Jeremi,Grubba,2003-07-03,76878494771,536 767 063,user1123@example.com,Robotnicza,149,,81-225,Świecie,BHP,Inspektor BHP,Umowa o pracę,2021-06-28,-650,B,NIE,TAK,7,Angelika Rejmer,690 112 200,
EMP-01124,Eliza,Rusiniak,2002-02-05,48974223543,+48 604 264 833,user1124@example.com,Odrzańska,79,54,28-434,Jarosław,Mechaniczny,Elektryk,Umowa zlecenie,2021-11-03,-300,A,NIE,TAK,3,Michał Dolega,+48 602 896 713,
EMP-01125,Iwo,Fronczyk,1981-09-10,64952549206,786 920 856,user1125@example.com,Leszczynowa,73,,73-733,Radom,Przeróbka,Kierownik Zmiany,Umowa na czas określony,2024-01-04,-650,C,TAK,TAK,9,Rafał Kujawiak,739 519 350,Badania ważne
EMP-01126,Jakub,Choroś,1999-06-10,82730634359,575 461 758,user1126@example.com,Kolonia,129,,89-917,Lubliniec,Przeróbka,Młodszy Górnik,Umowa B2B,2025-12-08,-800,C,NIE,NIE,7,Rozalia Nazarko,513 889 044,Badania ważne
EMP-01127,Stanisław,Borysiuk,1991-12-20,66405110212,721 566 851,user1127@example.com,Podwale,80,26,28-854,Starachowice,Przeróbka,Górnik,Umowa zlecenie,2011-01-03,-800,C,NIE,TAK,1,Angelika Wasyluk,+48 731 483 747,
EMP-01128,Konrad,Truchan,1979-03-27,60498603721,+48 720 168 564,user1128@example.com,Skłodowskiej-Curie,14,,15-499,Jarosław,Utrzymanie Ruchu,Operator,Umowa o pracę,2018-04-26,-650,D,NIE,TAK,2,Piotr Łodyga,+48 720 271 698,Badania ważne
EMP-01129,Gabriel,Romejko,1994-03-15,89990114003,+48 791 611 586,user1129@example.com,Zdrojowa,30,,67-433,Elbląg,Elektryczny,Mechanik,Umowa o pracę,2020-08-14,-300,D,NIE,NIE,8,Nicole Szczerek,+48 576 759 833,W trakcie szkolenia
EMP-01130,Maciej,Tymczyszyn,1972-11-02,60162590841,790 583 534,user1130@example.com,Kraszewskiego,163,60,83-553,Gliwice,BHP,Elektryk,Umowa o pracę,2011-01-30,-500,C,NIE,TAK,2,pani Natasza Żach,+48 792 853 533,Uprawnienia SEP
EMP-01131,Apolonia,Heller,1989-08-01,53582107288,782 662 177,user1131@example.com,Tulipanowa,134,1,72-045,Gliwice,Utrzymanie Ruchu,Mechanik,Umowa na czas określony,2019-10-04,-650,D,NIE,NIE,1,pani Sonia Barankiewicz,+48 667 930 302,W trakcie szkolenia
EMP-01132,Damian,Windak,1997-12-28,71616088197,+48 532 766 983,user1132@example.com,Broniewskiego,34,26,41-072,Marki,Transport,Sztygar,Umowa na czas określony,2015-08-10,-800,B,TAK,TAK,2,pani Kornelia Kuryś,608 546 130,Badania ważne
EMP-01133,Rafał,Opoka,1998-08-06,75307681024,+48 669 720 738,user1133@example.com,Kolonia,173,71,22-973,Sochaczew,BHP,Sztygar,Umowa na czas określony,2017-09-06,-500,A,TAK,TAK,1,pan Olaf Prażuch,32 118 42 52,
EMP-01134,Dorota,Wasiewicz,1994-03-06,44323622169,690 900 712,user1134@example.com,Długa,155,49,07-848,Koszalin,Elektryczny,Starszy Górnik,Umowa B2B,2017-11-27,-100,D,NIE,TAK,11,Julian Solarczyk,784 730 577,Operator maszyn
EMP-01135,Marianna,Tułacz,2005-11-11,67516913952,+48 789 971 659,user1135@example.com,Fredry,15,15,45-791,Piaseczno,Transport,Górnik,Umowa zlecenie,2011-07-19,-100,C,NIE,TAK,2,Agnieszka Świadek,780 996 833,
EMP-01136,Kacper,Grzelec,1977-12-12,03350842431,+48 795 224 265,user1136@example.com,Działkowa,148,18,59-640,Lubin,Mechaniczny,Mechanik,Umowa B2B,2014-05-17,-500,B,NIE,TAK,2,Hubert Zimmer,539 143 907,Uprawnienia SEP
EMP-01137,Malwina,Pachnik,1967-04-18,04169105302,726 015 791,user1137@example.com,Wierzbowa,19,49,43-039,Piastów,BHP,Górnik,Umowa na czas określony,2021-05-26,-100,C,NIE,TAK,7,Aleksander Wiszowaty,+48 502 600 802,W trakcie szkolenia
EMP-01138,Nikodem,Dobrosz,1982-07-01,39534811050,737 597 833,user1138@example.com,Myśliwska,195,36,37-520,Jasło,Geologia,Sztygar,Umowa B2B,2019-03-21,-800,A,TAK,TAK,8,Maurycy Kabala,539 214 967,Badania ważne
EMP-01139,Ernest,Boruń,1989-04-01,61573855128,+48 798 664 320,user1139@example.com,Fabryczna,115,64,12-966,Brzeg,Przeróbka,Inspektor BHP,Umowa zlecenie,2023-06-16,-800,A,NIE,TAK,10,Kalina Szachniewicz,882 824 685,Ratownik górniczy
EMP-01140,Leon,Lula,1976-12-31,78155426097,+48 572 400 020,user1140@example.com,Azaliowa,188,,51-681,Częstochowa,Utrzymanie Ruchu,Inspektor BHP,Umowa B2B,2024-08-14,-200,B,NIE,TAK,7,Emil Węgier,+48 886 051 908,W trakcie szkolenia
EMP-01141,Julian,Jędryczka,1997-01-26,46772051710,576 303 356,user1141@example.com,Malczewskiego,16,65,28-391,Grodzisk Mazowiecki,Przeróbka,Kierownik Zmiany,Umowa B2B,2014-08-08,-400,B,TAK,TAK,5,Bartek Siemieniec,510 090 899,W trakcie szkolenia
EMP-01142,Angelika,Brzykcy,1975-11-02,83703175438,+48 880 480 283,user1142@example.com,Tulipanowa,114,,90-975,Tczew,Transport,Mechanik,Umowa B2B,2019-02-04,-100,B,NIE,TAK,11,Józef Jarmuż,+48 722 909 304,Uprawnienia SEP
EMP-01143,Urszula,Golak,1994-09-11,02925468627,533 662 808,user1143@example.com,Wierzbowa,12,58,18-141,Wałcz,Geologia,Kierownik Oddziału,Umowa B2B,2020-05-31,-200,C,TAK,TAK,1,Angelika Świątkiewicz,889 474 705,Operator maszyn
EMP-01144,Dawid,Szołtysik,2002-11-24,63271353867,888 330 967,user1144@example.com,Rzemieślnicza,92,,78-459,Pruszcz Gdański,Wentylacja,Geolog,Umowa na czas określony,2013-08-16,-400,B,NIE,TAK,8,Sebastian Klamka,+48 669 142 693,Badania ważne
EMP-01145,Maurycy,Sołoducha,1985-06-02,60488693205,501 676 718,user1145@example.com,Strumykowa,200,31,62-408,Zielona Góra,Wydobycie,Górnik,Umowa B2B,2016-09-17,-800,C,NIE,TAK,11,Kalina Księżak,+48 518 850 162,Badania ważne
EMP-01146,Tola,Szuta,1984-11-02,27396159764,666 667 880,user1146@example.com,Długosza,81,25,90-705,Mysłowice,Geologia,Inspektor BHP,Umowa na czas określony,2016-08-08,-800,A,NIE,TAK,12,pan Maciej Drobik,22 522 89 89,Operator maszyn
EMP-01147,Janina,Dybiec,1966-06-21,97755426190,+48 32 598 12 55,user1147@example.com,Toruńska,38,24,62-492,Żary,Wentylacja,Elektryk,Umowa na czas określony,2014-10-17,-200,C,NIE,TAK,8,Justyna Kolber,+48 727 640 838,W trakcie szkolenia
EMP-01148,Szymon,Zaucha,1981-03-21,20222711175,501 417 165,user1148@example.com,Niecała,110,,71-597,Inowrocław,Elektryczny,Sztygar,Umowa o pracę,2022-03-15,-650,D,TAK,TAK,3,Sebastian Szczap,+48 22 565 18 87,
EMP-01149,Norbert,Okła,1969-08-27,29851448698,+48 510 050 092,user1149@example.com,Poznańska,96,,35-609,Kluczbork,Geologia,Nadsztygar,Umowa o pracę,2011-11-17,-200,A,TAK,TAK,10,Angelika Pielach,+48 667 570 302,Uprawnienia SEP
EMP-01150,Paweł,Hamerla,1990-01-11,02698014264,605 018 607,user1150@example.com,Mała,16,,22-586,Polkowice,Przeróbka,Starszy Górnik,Umowa na czas określony,2010-04-19,-400,A,NIE,TAK,1,Blanka Pinda,+48 739 522 233,Uprawnienia SEP
EMP-01151,Ignacy,Wojtaszak,1982-10-07,63705004933,+48 660 620 073,user1151@example.com,Sosnowa,118,24,18-832,Kędzierzyn-Koźle,Transport,Młodszy Górnik,Umowa na czas określony,2013-06-20,-200,D,NIE,NIE,4,Ernest Pieszak,+48 796 249 753,
EMP-01152,Stefan,Langa,1985-03-24,29476380839,+48 795 714 469,user1152@example.com,Niepodległości,194,42,53-695,Łaziska Górne,Wydobycie,Mechanik,Umowa zlecenie,2023-01-13,-100,D,NIE,TAK,10,pan Szymon Majczyna,+48 508 735 445,W trakcie szkolenia
EMP-01153,Wiktor,Stoch,1975-03-14,85193932727,+48 506 886 583,user1153@example.com,Żeglarska,41,,96-894,Żory,Geologia,Inspektor BHP,Umowa zlecenie,2015-06-07,-200,A,NIE,TAK,11,Gustaw Mordal,+48 883 586 267,
EMP-01154,Radosław,Wereda,1975-01-29,96026676527,793 207 758,user1154@example.com,Zaciszna,142,39,01-947,Kraśnik,Wentylacja,Nadsztygar,Umowa na czas określony,2026-02-03,-800,B,TAK,TAK,10,Andrzej Miśkowiec,32 698 34 43,W trakcie szkolenia
EMP-01155,Gaja,Maciejewicz,2001-04-18,95070886406,798 050 450,user1155@example.com,Żwirki i Wigury,94,,93-033,Giżycko,Utrzymanie Ruchu,Geolog,Umowa o pracę,2021-12-26,-650,D,NIE,TAK,1,Ewelina Maksym,+48 507 200 734,W trakcie szkolenia
EMP-01156,Konrad,Basak,1973-05-02,19290221543,517 737 295,user1156@example.com,Piękna,72,,82-808,Wodzisław Śląski,Administracja,Operator,Umowa zlecenie,2026-03-18,-500,A,NIE,TAK,3,Tadeusz Gozdur,501 625 851,Ratownik górniczy
EMP-01157,Jan,Szyndler,1980-08-14,33202351025,790 281 435,user1157@example.com,Cisowa,89,,09-143,Malbork,Administracja,Sztygar,Umowa zlecenie,2021-02-15,-650,C,TAK,TAK,5,Jerzy Pal,727 953 111,Ratownik górniczy
EMP-01158,Aurelia,Wojtyna,1972-02-19,03698884393,732 652 742,user1158@example.com,Staffa,50,21,56-861,Wałcz,Wentylacja,Operator,Umowa na czas określony,2020-10-19,-800,B,NIE,TAK,10,Grzegorz Kujda,+48 785 108 573,Operator maszyn
EMP-01159,Nataniel,Swaczyna,1987-08-02,08059831244,785 146 091,user1159@example.com,Chmielna,149,8,30-332,Rybnik,BHP,Starszy Górnik,Umowa na czas określony,2019-02-10,-100,B,NIE,TAK,10,Malwina Wałaszek,785 553 706,Badania ważne
EMP-01160,Dominik,Ciochoń,1971-11-15,20123763177,+48 533 374 612,user1160@example.com,Wspólna,72,,86-326,Chrzanów,Wydobycie,Inspektor BHP,Umowa na czas określony,2013-01-24,-300,C,NIE,TAK,10,pani Anita Zagrajek,32 264 12 60,Ratownik górniczy
EMP-01161,Apolonia,Kurbiel,1986-12-29,19375919226,+48 737 620 990,user1161@example.com,Zdrojowa,180,,74-240,Olsztyn,Elektryczny,Geolog,Umowa B2B,2018-08-24,-400,A,NIE,TAK,12,Tadeusz Ważny,+48 32 399 51 67,Operator maszyn
EMP-01162,Filip,Królikiewicz,2004-02-01,64752864612,799 982 267,user1162@example.com,Cisowa,159,,87-824,Tychy,Elektryczny,Starszy Górnik,Umowa zlecenie,2015-02-10,-650,A,NIE,TAK,1,Przemysław Bak,+48 32 388 80 48,Badania ważne
EMP-01163,Aleks,Cierpka,1980-03-18,28452403211,600 259 364,user1163@example.com,Turystyczna,85,,06-880,Jarocin,BHP,Inspektor BHP,Umowa o pracę,2025-05-22,-300,B,NIE,TAK,4,Bianka Chlebek,+48 32 313 42 75,W trakcie szkolenia
EMP-01164,Roksana,Kurach,1997-02-16,19143087797,+48 729 115 490,user1164@example.com,Kowalska,67,,37-644,Kędzierzyn-Koźle,BHP,Starszy Górnik,Umowa B2B,2017-04-06,-650,B,NIE,TAK,3,Karol Orszulik,+48 22 343 69 53,
EMP-01165,Piotr,Rychcik,2003-01-22,83458192048,+48 732 977 115,user1165@example.com,Łąkowa,11,56,53-151,Pszczyna,Geologia,Elektryk,Umowa zlecenie,2011-05-23,-400,D,NIE,TAK,4,Roksana Węgrzynek,606 517 328,Uprawnienia SEP
EMP-01166,Karol,Bender,1970-11-27,98651590257,518 739 221,user1166@example.com,Śląska,111,,71-253,Otwock,Mechaniczny,Inspektor BHP,Umowa B2B,2017-01-10,-650,C,NIE,TAK,6,Kazimierz Samulak,697 671 052,W trakcie szkolenia
EMP-01167,Ada,Szlaga,1989-01-14,83825672620,+48 534 599 153,user1167@example.com,Piaskowa,102,,33-281,Legionowo,Administracja,Elektryk,Umowa zlecenie,2021-03-22,-650,C,NIE,TAK,5,Mateusz Krzeszowiec,660 268 387,Uprawnienia SEP
EMP-01168,Bruno,Szymała,1988-08-22,55196282225,785 029 586,user1168@example.com,Rubinowa,137,24,98-407,Częstochowa,Geologia,Geolog,Umowa zlecenie,2010-07-25,-100,A,NIE,TAK,8,Franciszek Białk,509 346 754,Uprawnienia SEP
EMP-01169,Tymon,Szłapa,1991-06-18,63942012234,+48 32 688 10 13,user1169@example.com,Lipca,146,,86-136,Mikołów,Administracja,Elektryk,Umowa o pracę,2018-10-28,-100,C,NIE,TAK,10,Wojciech Bugla,+48 22 513 34 60,W trakcie szkolenia
EMP-01170,Krystian,Minkiewicz,1970-06-20,66270266045,573 882 532,user1170@example.com,Sportowa,149,47,99-564,Koło,Wentylacja,Geolog,Umowa zlecenie,2015-02-08,-800,A,NIE,TAK,8,Igor Strządała,32 681 63 60,Ratownik górniczy
EMP-01171,Dawid,Mularz,1975-12-12,00391019335,+48 797 369 078,user1171@example.com,Śląska,138,,91-314,Kętrzyn,Utrzymanie Ruchu,Geolog,Umowa zlecenie,2019-04-19,-800,B,NIE,TAK,8,pan Tadeusz Wiencek,510 052 141,
EMP-01172,Mateusz,Rajtar,1997-08-31,93600608277,576 348 508,user1172@example.com,Mazurska,83,52,42-107,Piotrków Trybunalski,Geologia,Młodszy Górnik,Umowa o pracę,2025-11-22,-650,A,NIE,TAK,1,Róża Anders,+48 605 119 194,Operator maszyn
EMP-01173,Robert,Penkala,1998-05-21,26438500953,+48 519 729 655,user1173@example.com,Jana III Sobieskiego,52,35,15-615,Siedlce,Przeróbka,Kierownik Oddziału,Umowa na czas określony,2014-12-31,-400,B,TAK,TAK,11,pan Witold Kiedrowicz,727 718 862,Uprawnienia SEP
EMP-01174,Maks,Masłoń,2000-04-20,13361094416,572 667 830,user1174@example.com,Korczaka,52,13,47-507,Ostrowiec Świętokrzyski,BHP,Sztygar,Umowa B2B,2013-12-15,-300,B,TAK,TAK,2,pan Oskar Staniczek,+48 22 874 02 23,W trakcie szkolenia
EMP-01175,Stefan,Małż,1993-12-09,72776857606,+48 501 446 627,user1175@example.com,Zdrojowa,65,78,27-745,Stargard Szczeciński,Utrzymanie Ruchu,Sztygar,Umowa o pracę,2025-04-03,-800,B,TAK,TAK,7,Gustaw Malcharek,571 761 421,
EMP-01176,Olaf,Rabiej,1981-06-05,55188701799,+48 726 863 647,user1176@example.com,Parkowa,45,,33-398,Racibórz,Wydobycie,Mechanik,Umowa zlecenie,2014-11-10,-500,B,NIE,TAK,9,Julita Salwin,+48 509 870 368,Uprawnienia SEP
EMP-01177,Jakub,Zimoń,1988-10-17,44417234565,738 379 363,user1177@example.com,Magnoliowa,129,50,11-784,Wodzisław Śląski,Elektryczny,Mechanik,Umowa o pracę,2025-10-22,-800,B,NIE,TAK,6,Tymon Bidas,+48 799 127 065,Ratownik górniczy
EMP-01178,Aleksander,Ledzion,1990-05-18,53626890472,516 291 187,user1178@example.com,Partyzantów,188,,17-526,Słupsk,Wydobycie,Elektryk,Umowa o pracę,2014-08-10,-200,D,NIE,NIE,6,Malwina Lato,+48 603 018 179,Uprawnienia SEP
EMP-01179,Mikołaj,Dorna,1997-05-08,55742164359,22 757 89 84,user1179@example.com,Widok,9,,62-916,Bełchatów,Elektryczny,Elektryk,Umowa o pracę,2025-07-22,-500,A,NIE,TAK,11,pan Damian Jereczek,+48 22 217 11 48,Operator maszyn
EMP-01180,Urszula,Goliszek,2000-08-04,47614378844,+48 601 898 106,user1180@example.com,Konopnickiej,14,51,64-217,Czerwionka-Leszczyny,Przeróbka,Górnik,Umowa na czas określony,2022-12-31,-200,D,NIE,TAK,7,pani Aniela Klamka,+48 513 129 755,Ratownik górniczy
EMP-01181,Urszula,Małota,1984-05-22,72636815418,+48 519 496 378,user1181@example.com,Słowianska,16,20,10-091,Ząbki,Elektryczny,Kierownik Oddziału,Umowa zlecenie,2012-12-05,-300,A,TAK,NIE,2,Anna Maria Piotrkowicz,+48 799 990 682,
EMP-01182,Nikodem,Czuryło,1994-05-09,45078604356,22 071 67 53,user1182@example.com,Rataja,9,,90-176,Płock,Wentylacja,Elektryk,Umowa zlecenie,2011-11-15,-800,D,NIE,TAK,5,Borys Dryka,+48 793 613 179,Operator maszyn
EMP-01183,Elżbieta,Pyda,2000-11-18,83306773067,32 049 03 72,user1183@example.com,Truskawkowa,141,,46-768,Pruszków,Utrzymanie Ruchu,Inspektor BHP,Umowa na czas określony,2015-06-02,-650,A,NIE,TAK,8,pani Eliza Taciak,796 399 812,Badania ważne
EMP-01184,Przemysław,Halik,1985-09-19,41908788653,+48 732 255 174,user1184@example.com,Graniczna,174,,77-718,Koło,Geologia,Geolog,Umowa na czas określony,2014-07-31,-500,C,NIE,TAK,10,Kazimierz Kozdroń,534 762 123,Operator maszyn
EMP-01185,Rozalia,Drobik,1982-09-04,42898760550,729 945 413,user1185@example.com,Jana Sobieskiego,147,,99-569,Przemyśl,Przeróbka,Sztygar,Umowa na czas określony,2010-08-13,-800,C,TAK,TAK,5,pani Urszula Górkiewicz,+48 503 093 079,W trakcie szkolenia
EMP-01186,Natan,Żakiewicz,1982-06-11,61867066320,+48 720 964 598,user1186@example.com,Szymanowskiego,103,,18-645,Tczew,Elektryczny,Elektryk,Umowa zlecenie,2020-11-16,-800,A,NIE,NIE,10,Melania Buk,+48 729 217 735,Uprawnienia SEP
EMP-01187,Tomasz,Oleksik,1992-06-23,91982718265,+48 508 113 397,user1187@example.com,Spółdzielcza,198,30,55-464,Bydgoszcz,Przeróbka,Elektryk,Umowa na czas określony,2022-07-04,-800,B,NIE,TAK,9,pan Stanisław Wojewódka,+48 783 402 422,Operator maszyn
EMP-01188,Jeremi,Lesik,1992-04-19,94269420398,+48 799 830 632,user1188@example.com,Średnia,23,31,31-445,Racibórz,Transport,Nadsztygar,Umowa o pracę,2022-02-01,-650,B,TAK,TAK,5,Bartek Lesik,+48 661 444 248,Ratownik górniczy
EMP-01189,Antoni,Snoch,2001-05-07,96706921958,+48 794 350 947,user1189@example.com,Mokra,1,48,45-719,Ruda Śląska,Administracja,Inspektor BHP,Umowa zlecenie,2014-06-15,-400,B,NIE,TAK,4,Ida Strawa,+48 781 564 099,Badania ważne
EMP-01190,Nataniel,Hennig,1977-11-04,43021781678,+48 728 913 705,user1190@example.com,Kamienna,99,49,82-138,Będzin,Wentylacja,Elektryk,Umowa o pracę,2015-01-30,-800,A,NIE,TAK,11,pani Melania Dylak,+48 720 826 110,Badania ważne
EMP-01191,Alex,Janka,1992-03-01,01649281503,732 992 023,user1191@example.com,Klasztorna,30,,49-729,Kołobrzeg,Administracja,Inspektor BHP,Umowa zlecenie,2015-03-27,-400,A,NIE,TAK,11,Janina Ligenza,+48 519 229 533,Ratownik górniczy
EMP-01192,Iwo,Jamroży,1987-12-08,70308808172,22 183 90 93,user1192@example.com,Stycznia,136,22,17-288,Wyszków,Mechaniczny,Górnik,Umowa zlecenie,2011-07-15,-400,B,NIE,TAK,5,Gustaw Szymula,+48 506 283 463,Badania ważne
EMP-01193,Eliza,Głuszko,1974-07-04,00728895927,+48 723 343 751,user1193@example.com,Wróblewskiego,23,10,68-391,Oświęcim,Mechaniczny,Kierownik Zmiany,Umowa o pracę,2014-12-07,-650,C,TAK,TAK,10,Piotr Jędraszczyk,+48 515 424 382,W trakcie szkolenia
EMP-01194,Łukasz,Pośnik,1981-10-17,96127662080,795 074 350,user1194@example.com,Widok,5,,45-168,Lubartów,Elektryczny,Młodszy Górnik,Umowa o pracę,2020-03-14,-500,B,NIE,TAK,7,pani Apolonia Dudzicz,+48 730 396 964,Uprawnienia SEP
EMP-01195,Patryk,Nastaj,1979-07-07,44435962458,+48 22 765 04 71,user1195@example.com,Lipca,2,,67-207,Kraków,Wydobycie,Geolog,Umowa B2B,2015-04-23,-650,D,NIE,TAK,5,Tola Mostek,+48 695 428 873,Uprawnienia SEP
EMP-01196,Blanka,Pokusa,2003-10-29,53690912375,+48 508 667 989,user1196@example.com,Perłowa,47,71,34-468,Poznań,Administracja,Geolog,Umowa na czas określony,2026-03-19,-200,A,NIE,TAK,12,Dominik Barej,+48 790 690 149,
EMP-01197,Szymon,Grzesiek,1984-01-21,96702436524,698 471 567,user1197@example.com,Władysława Łokietka,91,29,54-443,Kościerzyna,Transport,Sztygar,Umowa o pracę,2011-05-08,-100,C,TAK,TAK,8,pani Bianka Stempniak,538 860 167,Ratownik górniczy
EMP-01198,Grzegorz,Turlej,1992-12-06,03648821597,783 596 985,user1198@example.com,Kwiatowa,133,48,36-332,Lubartów,Geologia,Nadsztygar,Umowa na czas określony,2014-04-16,-400,B,TAK,TAK,4,Józef Kilar,+48 516 937 540,Uprawnienia SEP
EMP-01199,Błażej,Latoszek,1971-11-15,60667998649,+48 32 861 78 92,user1199@example.com,Głowackiego,96,75,58-128,Będzin,Administracja,Sztygar,Umowa na czas określony,2021-09-15,-100,B,TAK,TAK,3,Adrian Panuś,513 857 626,W trakcie szkolenia
EMP-01200,Wojciech,Gill,2001-06-05,42986226992,+48 513 849 368,user1200@example.com,Kasztanowa,107,,86-395,Piła,Elektryczny,Górnik,Umowa na czas określony,2014-12-12,-100,D,NIE,TAK,4,pani Adrianna Talaśka,+48 881 012 789,Ratownik górniczy
